StationID,cfs,surrogate,datetime,year,quarter,month,day
PINE,11.58,N,2010-01-01T00:00:00Z,2010,1,1,1
PINE,11.58,N,2010-01-01T01:00:00Z,2010,1,1,1
PINE,11.24,N,2010-01-01T02:00:00Z,2010,1,1,1
PINE,11.24,N,2010-01-01T03:00:00Z,2010,1,1,1
PINE,11.24,N,2010-01-01T04:00:00Z,2010,1,1,1
PINE,11.24,N,2010-01-01T05:00:00Z,2010,1,1,1
PINE,11.24,N,2010-01-01T06:00:00Z,2010,1,1,1
PINE,11.24,N,2010-01-01T07:00:00Z,2010,1,1,1
PINE,10.91,N,2010-01-01T08:00:00Z,2010,1,1,1
PINE,10.91,N,2010-01-01T09:00:00Z,2010,1,1,1
PINE,10.91,N,2010-01-01T10:00:00Z,2010,1,1,1
PINE,10.91,N,2010-01-01T11:00:00Z,2010,1,1,1
PINE,10.92,N,2010-01-01T12:00:00Z,2010,1,1,1
PINE,10.59,N,2010-01-01T13:00:00Z,2010,1,1,1
PINE,10.59,N,2010-01-01T14:00:00Z,2010,1,1,1
PINE,10.59,N,2010-01-01T15:00:00Z,2010,1,1,1
PINE,10.59,N,2010-01-01T16:00:00Z,2010,1,1,1
PINE,10.59,N,2010-01-01T17:00:00Z,2010,1,1,1
PINE,10.6,N,2010-01-01T18:00:00Z,2010,1,1,1
PINE,10.6,N,2010-01-01T19:00:00Z,2010,1,1,1
PINE,10.28,N,2010-01-01T20:00:00Z,2010,1,1,1
PINE,10.28,N,2010-01-01T21:00:00Z,2010,1,1,1
PINE,10.28,N,2010-01-01T22:00:00Z,2010,1,1,1
PINE,10.28,N,2010-01-01T23:00:00Z,2010,1,1,1
PINE,9.98,N,2010-01-02T00:00:00Z,2010,1,1,2
PINE,9.98,N,2010-01-02T01:00:00Z,2010,1,1,2
PINE,9.98,N,2010-01-02T02:00:00Z,2010,1,1,2
PINE,9.98,N,2010-01-02T03:00:00Z,2010,1,1,2
PINE,9.98,N,2010-01-02T04:00:00Z,2010,1,1,2
PINE,9.68,N,2010-01-02T05:00:00Z,2010,1,1,2
PINE,9.68,N,2010-01-02T06:00:00Z,2010,1,1,2
PINE,9.68,N,2010-01-02T07:00:00Z,2010,1,1,2
PINE,9.68,N,2010-01-02T08:00:00Z,2010,1,1,2
PINE,9.68,N,2010-01-02T09:00:00Z,2010,1,1,2
PINE,9.68,N,2010-01-02T10:00:00Z,2010,1,1,2
PINE,9.39,N,2010-01-02T11:00:00Z,2010,1,1,2
PINE,9.39,N,2010-01-02T12:00:00Z,2010,1,1,2
PINE,9.39,N,2010-01-02T13:00:00Z,2010,1,1,2
PINE,9.39,N,2010-01-02T14:00:00Z,2010,1,1,2
PINE,9.39,N,2010-01-02T15:00:00Z,2010,1,1,2
PINE,9.11,N,2010-01-02T16:00:00Z,2010,1,1,2
PINE,9.11,N,2010-01-02T17:00:00Z,2010,1,1,2
PINE,9.11,N,2010-01-02T18:00:00Z,2010,1,1,2
PINE,9.11,N,2010-01-02T19:00:00Z,2010,1,1,2
PINE,9.11,N,2010-01-02T20:00:00Z,2010,1,1,2
PINE,9.11,N,2010-01-02T21:00:00Z,2010,1,1,2
PINE,8.84,N,2010-01-02T22:00:00Z,2010,1,1,2
PINE,8.84,N,2010-01-02T23:00:00Z,2010,1,1,2
PINE,8.84,N,2010-01-03T00:00:00Z,2010,1,1,3
PINE,8.84,N,2010-01-03T01:00:00Z,2010,1,1,3
PINE,8.84,N,2010-01-03T02:00:00Z,2010,1,1,3
PINE,8.84,N,2010-01-03T03:00:00Z,2010,1,1,3
PINE,8.84,N,2010-01-03T04:00:00Z,2010,1,1,3
PINE,8.57,N,2010-01-03T05:00:00Z,2010,1,1,3
PINE,8.57,N,2010-01-03T06:00:00Z,2010,1,1,3
PINE,8.57,N,2010-01-03T07:00:00Z,2010,1,1,3
PINE,8.57,N,2010-01-03T08:00:00Z,2010,1,1,3
PINE,8.57,N,2010-01-03T09:00:00Z,2010,1,1,3
PINE,8.57,N,2010-01-03T10:00:00Z,2010,1,1,3
PINE,8.57,N,2010-01-03T11:00:00Z,2010,1,1,3
PINE,8.57,N,2010-01-03T12:00:00Z,2010,1,1,3
PINE,8.58,N,2010-01-03T13:00:00Z,2010,1,1,3
PINE,8.31,N,2010-01-03T14:00:00Z,2010,1,1,3
PINE,8.31,N,2010-01-03T15:00:00Z,2010,1,1,3
PINE,8.31,N,2010-01-03T16:00:00Z,2010,1,1,3
PINE,8.31,N,2010-01-03T17:00:00Z,2010,1,1,3
PINE,8.32,N,2010-01-03T18:00:00Z,2010,1,1,3
PINE,8.32,N,2010-01-03T19:00:00Z,2010,1,1,3
PINE,8.32,N,2010-01-03T20:00:00Z,2010,1,1,3
PINE,8.32,N,2010-01-03T21:00:00Z,2010,1,1,3
PINE,8.32,N,2010-01-03T22:00:00Z,2010,1,1,3
PINE,8.32,N,2010-01-03T23:00:00Z,2010,1,1,3
PINE,8.32,N,2010-01-04T00:00:00Z,2010,1,1,4
PINE,8.32,N,2010-01-04T01:00:00Z,2010,1,1,4
PINE,8.32,N,2010-01-04T02:00:00Z,2010,1,1,4
PINE,8.06,N,2010-01-04T03:00:00Z,2010,1,1,4
PINE,8.06,N,2010-01-04T04:00:00Z,2010,1,1,4
PINE,8.07,N,2010-01-04T05:00:00Z,2010,1,1,4
PINE,8.07,N,2010-01-04T06:00:00Z,2010,1,1,4
PINE,8.07,N,2010-01-04T07:00:00Z,2010,1,1,4
PINE,8.07,N,2010-01-04T08:00:00Z,2010,1,1,4
PINE,8.07,N,2010-01-04T09:00:00Z,2010,1,1,4
PINE,8.07,N,2010-01-04T10:00:00Z,2010,1,1,4
PINE,7.82,N,2010-01-04T11:00:00Z,2010,1,1,4
PINE,7.82,N,2010-01-04T12:00:00Z,2010,1,1,4
PINE,7.82,N,2010-01-04T13:00:00Z,2010,1,1,4
PINE,7.82,N,2010-01-04T14:00:00Z,2010,1,1,4
PINE,7.82,N,2010-01-04T15:00:00Z,2010,1,1,4
PINE,7.82,N,2010-01-04T16:00:00Z,2010,1,1,4
PINE,7.82,N,2010-01-04T17:00:00Z,2010,1,1,4
PINE,7.82,N,2010-01-04T18:00:00Z,2010,1,1,4
PINE,7.82,N,2010-01-04T19:00:00Z,2010,1,1,4
PINE,7.82,N,2010-01-04T20:00:00Z,2010,1,1,4
PINE,7.58,N,2010-01-04T21:00:00Z,2010,1,1,4
PINE,7.58,N,2010-01-04T22:00:00Z,2010,1,1,4
PINE,7.58,N,2010-01-04T23:00:00Z,2010,1,1,4
PINE,7.58,N,2010-01-05T00:00:00Z,2010,1,1,5
PINE,7.58,N,2010-01-05T01:00:00Z,2010,1,1,5
PINE,7.58,N,2010-01-05T02:00:00Z,2010,1,1,5
PINE,7.58,N,2010-01-05T03:00:00Z,2010,1,1,5
PINE,7.59,N,2010-01-05T04:00:00Z,2010,1,1,5
PINE,7.59,N,2010-01-05T05:00:00Z,2010,1,1,5
PINE,7.59,N,2010-01-05T06:00:00Z,2010,1,1,5
PINE,7.59,N,2010-01-05T07:00:00Z,2010,1,1,5
PINE,7.59,N,2010-01-05T08:00:00Z,2010,1,1,5
PINE,7.59,N,2010-01-05T09:00:00Z,2010,1,1,5
PINE,7.59,N,2010-01-05T10:00:00Z,2010,1,1,5
PINE,7.35,N,2010-01-05T11:00:00Z,2010,1,1,5
PINE,7.35,N,2010-01-05T12:00:00Z,2010,1,1,5
PINE,7.35,N,2010-01-05T13:00:00Z,2010,1,1,5
PINE,7.35,N,2010-01-05T14:00:00Z,2010,1,1,5
PINE,7.35,N,2010-01-05T15:00:00Z,2010,1,1,5
PINE,7.35,N,2010-01-05T16:00:00Z,2010,1,1,5
PINE,7.36,N,2010-01-05T17:00:00Z,2010,1,1,5
PINE,7.36,N,2010-01-05T18:00:00Z,2010,1,1,5
PINE,7.36,N,2010-01-05T19:00:00Z,2010,1,1,5
PINE,7.36,N,2010-01-05T20:00:00Z,2010,1,1,5
PINE,7.36,N,2010-01-05T21:00:00Z,2010,1,1,5
PINE,7.13,N,2010-01-05T22:00:00Z,2010,1,1,5
PINE,7.13,N,2010-01-05T23:00:00Z,2010,1,1,5
PINE,7.13,N,2010-01-06T00:00:00Z,2010,1,1,6
PINE,7.13,N,2010-01-06T01:00:00Z,2010,1,1,6
PINE,7.13,N,2010-01-06T02:00:00Z,2010,1,1,6
PINE,7.13,N,2010-01-06T03:00:00Z,2010,1,1,6
PINE,7.13,N,2010-01-06T04:00:00Z,2010,1,1,6
PINE,7.13,N,2010-01-06T05:00:00Z,2010,1,1,6
PINE,7.13,N,2010-01-06T06:00:00Z,2010,1,1,6
PINE,7.13,N,2010-01-06T07:00:00Z,2010,1,1,6
PINE,6.91,N,2010-01-06T08:00:00Z,2010,1,1,6
PINE,6.91,N,2010-01-06T09:00:00Z,2010,1,1,6
PINE,6.91,N,2010-01-06T10:00:00Z,2010,1,1,6
PINE,6.91,N,2010-01-06T11:00:00Z,2010,1,1,6
PINE,6.91,N,2010-01-06T12:00:00Z,2010,1,1,6
PINE,6.91,N,2010-01-06T13:00:00Z,2010,1,1,6
PINE,6.91,N,2010-01-06T14:00:00Z,2010,1,1,6
PINE,6.91,N,2010-01-06T15:00:00Z,2010,1,1,6
PINE,6.91,N,2010-01-06T16:00:00Z,2010,1,1,6
PINE,6.91,N,2010-01-06T17:00:00Z,2010,1,1,6
PINE,6.91,N,2010-01-06T18:00:00Z,2010,1,1,6
PINE,6.91,N,2010-01-06T19:00:00Z,2010,1,1,6
PINE,6.91,N,2010-01-06T20:00:00Z,2010,1,1,6
PINE,6.91,N,2010-01-06T21:00:00Z,2010,1,1,6
PINE,6.69,N,2010-01-06T22:00:00Z,2010,1,1,6
PINE,6.69,N,2010-01-06T23:00:00Z,2010,1,1,6
PINE,6.69,N,2010-01-07T00:00:00Z,2010,1,1,7
PINE,6.69,N,2010-01-07T01:00:00Z,2010,1,1,7
PINE,6.69,N,2010-01-07T02:00:00Z,2010,1,1,7
PINE,6.69,N,2010-01-07T03:00:00Z,2010,1,1,7
PINE,6.69,N,2010-01-07T04:00:00Z,2010,1,1,7
PINE,6.69,N,2010-01-07T05:00:00Z,2010,1,1,7
PINE,6.69,N,2010-01-07T06:00:00Z,2010,1,1,7
PINE,6.69,N,2010-01-07T07:00:00Z,2010,1,1,7
PINE,6.48,N,2010-01-07T08:00:00Z,2010,1,1,7
PINE,6.48,N,2010-01-07T09:00:00Z,2010,1,1,7
PINE,6.48,N,2010-01-07T10:00:00Z,2010,1,1,7
PINE,6.48,N,2010-01-07T11:00:00Z,2010,1,1,7
PINE,6.48,N,2010-01-07T12:00:00Z,2010,1,1,7
PINE,6.48,N,2010-01-07T13:00:00Z,2010,1,1,7
PINE,6.48,N,2010-01-07T14:00:00Z,2010,1,1,7
PINE,6.48,N,2010-01-07T15:00:00Z,2010,1,1,7
PINE,6.48,N,2010-01-07T16:00:00Z,2010,1,1,7
PINE,6.48,N,2010-01-07T17:00:00Z,2010,1,1,7
PINE,6.48,N,2010-01-07T18:00:00Z,2010,1,1,7
PINE,6.48,N,2010-01-07T19:00:00Z,2010,1,1,7
PINE,6.48,N,2010-01-07T20:00:00Z,2010,1,1,7
PINE,6.48,N,2010-01-07T21:00:00Z,2010,1,1,7
PINE,6.48,N,2010-01-07T22:00:00Z,2010,1,1,7
PINE,6.48,N,2010-01-07T23:00:00Z,2010,1,1,7
PINE,6.48,N,2010-01-08T00:00:00Z,2010,1,1,8
PINE,6.48,N,2010-01-08T01:00:00Z,2010,1,1,8
PINE,6.48,N,2010-01-08T02:00:00Z,2010,1,1,8
PINE,6.28,N,2010-01-08T03:00:00Z,2010,1,1,8
PINE,6.28,N,2010-01-08T04:00:00Z,2010,1,1,8
PINE,6.28,N,2010-01-08T05:00:00Z,2010,1,1,8
PINE,6.28,N,2010-01-08T06:00:00Z,2010,1,1,8
PINE,6.28,N,2010-01-08T07:00:00Z,2010,1,1,8
PINE,6.28,N,2010-01-08T08:00:00Z,2010,1,1,8
PINE,6.28,N,2010-01-08T09:00:00Z,2010,1,1,8
PINE,6.28,N,2010-01-08T10:00:00Z,2010,1,1,8
PINE,6.28,N,2010-01-08T11:00:00Z,2010,1,1,8
PINE,6.28,N,2010-01-08T12:00:00Z,2010,1,1,8
PINE,6.28,N,2010-01-08T13:00:00Z,2010,1,1,8
PINE,6.28,N,2010-01-08T14:00:00Z,2010,1,1,8
PINE,6.28,N,2010-01-08T15:00:00Z,2010,1,1,8
PINE,6.28,N,2010-01-08T16:00:00Z,2010,1,1,8
PINE,6.28,N,2010-01-08T17:00:00Z,2010,1,1,8
PINE,6.08,N,2010-01-08T18:00:00Z,2010,1,1,8
PINE,6.08,N,2010-01-08T19:00:00Z,2010,1,1,8
PINE,6.08,N,2010-01-08T20:00:00Z,2010,1,1,8
PINE,6.08,N,2010-01-08T21:00:00Z,2010,1,1,8
PINE,6.08,N,2010-01-08T22:00:00Z,2010,1,1,8
PINE,6.08,N,2010-01-08T23:00:00Z,2010,1,1,8
PINE,6.08,N,2010-01-09T00:00:00Z,2010,1,1,9
PINE,6.08,N,2010-01-09T01:00:00Z,2010,1,1,9
PINE,6.08,N,2010-01-09T02:00:00Z,2010,1,1,9
PINE,6.08,N,2010-01-09T03:00:00Z,2010,1,1,9
PINE,6.08,N,2010-01-09T04:00:00Z,2010,1,1,9
PINE,6.08,N,2010-01-09T05:00:00Z,2010,1,1,9
PINE,6.08,N,2010-01-09T06:00:00Z,2010,1,1,9
PINE,6.08,N,2010-01-09T07:00:00Z,2010,1,1,9
PINE,5.88,N,2010-01-09T08:00:00Z,2010,1,1,9
PINE,5.88,N,2010-01-09T09:00:00Z,2010,1,1,9
PINE,5.88,N,2010-01-09T10:00:00Z,2010,1,1,9
PINE,5.88,N,2010-01-09T11:00:00Z,2010,1,1,9
PINE,5.88,N,2010-01-09T12:00:00Z,2010,1,1,9
PINE,5.7,N,2010-01-09T13:00:00Z,2010,1,1,9
PINE,5.7,N,2010-01-09T14:00:00Z,2010,1,1,9
PINE,5.7,N,2010-01-09T15:00:00Z,2010,1,1,9
PINE,5.7,N,2010-01-09T16:00:00Z,2010,1,1,9
PINE,5.7,N,2010-01-09T17:00:00Z,2010,1,1,9
PINE,5.7,N,2010-01-09T18:00:00Z,2010,1,1,9
PINE,5.7,N,2010-01-09T19:00:00Z,2010,1,1,9
PINE,5.7,N,2010-01-09T20:00:00Z,2010,1,1,9
PINE,5.7,N,2010-01-09T21:00:00Z,2010,1,1,9
PINE,5.7,N,2010-01-09T22:00:00Z,2010,1,1,9
PINE,5.7,N,2010-01-09T23:00:00Z,2010,1,1,9
PINE,5.7,N,2010-01-10T00:00:00Z,2010,1,1,10
PINE,5.7,N,2010-01-10T01:00:00Z,2010,1,1,10
PINE,5.7,N,2010-01-10T02:00:00Z,2010,1,1,10
PINE,5.7,N,2010-01-10T03:00:00Z,2010,1,1,10
PINE,5.7,N,2010-01-10T04:00:00Z,2010,1,1,10
PINE,5.7,N,2010-01-10T05:00:00Z,2010,1,1,10
PINE,5.7,N,2010-01-10T06:00:00Z,2010,1,1,10
PINE,5.51,N,2010-01-10T07:00:00Z,2010,1,1,10
PINE,5.51,N,2010-01-10T08:00:00Z,2010,1,1,10
PINE,5.51,N,2010-01-10T09:00:00Z,2010,1,1,10
PINE,5.51,N,2010-01-10T10:00:00Z,2010,1,1,10
PINE,5.7,N,2010-01-10T11:00:00Z,2010,1,1,10
PINE,5.7,N,2010-01-10T12:00:00Z,2010,1,1,10
PINE,5.51,N,2010-01-10T13:00:00Z,2010,1,1,10
PINE,5.51,N,2010-01-10T14:00:00Z,2010,1,1,10
PINE,5.51,N,2010-01-10T15:00:00Z,2010,1,1,10
PINE,5.51,N,2010-01-10T16:00:00Z,2010,1,1,10
PINE,5.51,N,2010-01-10T17:00:00Z,2010,1,1,10
PINE,5.51,N,2010-01-10T18:00:00Z,2010,1,1,10
PINE,5.51,N,2010-01-10T19:00:00Z,2010,1,1,10
PINE,5.51,N,2010-01-10T20:00:00Z,2010,1,1,10
PINE,5.51,N,2010-01-10T21:00:00Z,2010,1,1,10
PINE,5.51,N,2010-01-10T22:00:00Z,2010,1,1,10
PINE,5.51,N,2010-01-10T23:00:00Z,2010,1,1,10
PINE,5.51,N,2010-01-11T00:00:00Z,2010,1,1,11
PINE,5.51,N,2010-01-11T01:00:00Z,2010,1,1,11
PINE,5.51,N,2010-01-11T02:00:00Z,2010,1,1,11
PINE,5.51,N,2010-01-11T03:00:00Z,2010,1,1,11
PINE,5.51,N,2010-01-11T04:00:00Z,2010,1,1,11
PINE,5.51,N,2010-01-11T05:00:00Z,2010,1,1,11
PINE,5.51,N,2010-01-11T06:00:00Z,2010,1,1,11
PINE,5.33,N,2010-01-11T07:00:00Z,2010,1,1,11
PINE,5.33,N,2010-01-11T08:00:00Z,2010,1,1,11
PINE,5.33,N,2010-01-11T09:00:00Z,2010,1,1,11
PINE,5.33,N,2010-01-11T10:00:00Z,2010,1,1,11
PINE,5.51,N,2010-01-11T11:00:00Z,2010,1,1,11
PINE,5.33,N,2010-01-11T12:00:00Z,2010,1,1,11
PINE,5.33,N,2010-01-11T13:00:00Z,2010,1,1,11
PINE,5.33,N,2010-01-11T14:00:00Z,2010,1,1,11
PINE,5.33,N,2010-01-11T15:00:00Z,2010,1,1,11
PINE,5.33,N,2010-01-11T16:00:00Z,2010,1,1,11
PINE,5.33,N,2010-01-11T17:00:00Z,2010,1,1,11
PINE,5.33,N,2010-01-11T18:00:00Z,2010,1,1,11
PINE,5.33,N,2010-01-11T19:00:00Z,2010,1,1,11
PINE,5.33,N,2010-01-11T20:00:00Z,2010,1,1,11
PINE,5.33,N,2010-01-11T21:00:00Z,2010,1,1,11
PINE,5.33,N,2010-01-11T22:00:00Z,2010,1,1,11
PINE,5.33,N,2010-01-11T23:00:00Z,2010,1,1,11
PINE,5.33,N,2010-01-12T00:00:00Z,2010,1,1,12
PINE,5.33,N,2010-01-12T01:00:00Z,2010,1,1,12
PINE,5.33,N,2010-01-12T02:00:00Z,2010,1,1,12
PINE,5.33,N,2010-01-12T03:00:00Z,2010,1,1,12
PINE,5.33,N,2010-01-12T04:00:00Z,2010,1,1,12
PINE,5.33,N,2010-01-12T05:00:00Z,2010,1,1,12
PINE,5.33,N,2010-01-12T06:00:00Z,2010,1,1,12
PINE,5.33,N,2010-01-12T07:00:00Z,2010,1,1,12
PINE,5.33,N,2010-01-12T08:00:00Z,2010,1,1,12
PINE,5.33,N,2010-01-12T09:00:00Z,2010,1,1,12
PINE,5.33,N,2010-01-12T10:00:00Z,2010,1,1,12
PINE,5.33,N,2010-01-12T11:00:00Z,2010,1,1,12
PINE,5.16,N,2010-01-12T12:00:00Z,2010,1,1,12
PINE,5.16,N,2010-01-12T13:00:00Z,2010,1,1,12
PINE,5.16,N,2010-01-12T14:00:00Z,2010,1,1,12
PINE,5.16,N,2010-01-12T15:00:00Z,2010,1,1,12
PINE,5.16,N,2010-01-12T16:00:00Z,2010,1,1,12
PINE,5.16,N,2010-01-12T17:00:00Z,2010,1,1,12
PINE,5.16,N,2010-01-12T18:00:00Z,2010,1,1,12
PINE,5.16,N,2010-01-12T19:00:00Z,2010,1,1,12
PINE,5.16,N,2010-01-12T20:00:00Z,2010,1,1,12
PINE,5.16,N,2010-01-12T21:00:00Z,2010,1,1,12
PINE,5.16,N,2010-01-12T22:00:00Z,2010,1,1,12
PINE,5.16,N,2010-01-12T23:00:00Z,2010,1,1,12
PINE,5.16,N,2010-01-13T00:00:00Z,2010,1,1,13
PINE,5.16,N,2010-01-13T01:00:00Z,2010,1,1,13
PINE,5.16,N,2010-01-13T02:00:00Z,2010,1,1,13
PINE,5.16,N,2010-01-13T03:00:00Z,2010,1,1,13
PINE,5.16,N,2010-01-13T04:00:00Z,2010,1,1,13
PINE,5.16,N,2010-01-13T05:00:00Z,2010,1,1,13
PINE,5.16,N,2010-01-13T06:00:00Z,2010,1,1,13
PINE,5.16,N,2010-01-13T07:00:00Z,2010,1,1,13
PINE,5.16,N,2010-01-13T08:00:00Z,2010,1,1,13
PINE,5.16,N,2010-01-13T09:00:00Z,2010,1,1,13
PINE,4.99,N,2010-01-13T10:00:00Z,2010,1,1,13
PINE,4.99,N,2010-01-13T11:00:00Z,2010,1,1,13
PINE,4.99,N,2010-01-13T12:00:00Z,2010,1,1,13
PINE,4.99,N,2010-01-13T13:00:00Z,2010,1,1,13
PINE,4.75,N,2010-01-13T14:00:00Z,2010,1,1,13
PINE,4.75,N,2010-01-13T15:00:00Z,2010,1,1,13
PINE,4.75,N,2010-01-13T16:00:00Z,2010,1,1,13
PINE,4.75,N,2010-01-13T17:00:00Z,2010,1,1,13
PINE,4.74,N,2010-01-13T18:00:00Z,2010,1,1,13
PINE,4.74,N,2010-01-13T19:00:00Z,2010,1,1,13
PINE,4.74,N,2010-01-13T20:00:00Z,2010,1,1,13
PINE,4.74,N,2010-01-13T21:00:00Z,2010,1,1,13
PINE,4.74,N,2010-01-13T22:00:00Z,2010,1,1,13
PINE,4.74,N,2010-01-13T23:00:00Z,2010,1,1,13
PINE,4.74,N,2010-01-14T00:00:00Z,2010,1,1,14
PINE,4.73,N,2010-01-14T01:00:00Z,2010,1,1,14
PINE,4.73,N,2010-01-14T02:00:00Z,2010,1,1,14
PINE,4.73,N,2010-01-14T03:00:00Z,2010,1,1,14
PINE,4.73,N,2010-01-14T04:00:00Z,2010,1,1,14
PINE,4.73,N,2010-01-14T05:00:00Z,2010,1,1,14
PINE,4.73,N,2010-01-14T06:00:00Z,2010,1,1,14
PINE,4.72,N,2010-01-14T07:00:00Z,2010,1,1,14
PINE,4.72,N,2010-01-14T08:00:00Z,2010,1,1,14
PINE,4.72,N,2010-01-14T09:00:00Z,2010,1,1,14
PINE,4.72,N,2010-01-14T10:00:00Z,2010,1,1,14
PINE,4.72,N,2010-01-14T11:00:00Z,2010,1,1,14
PINE,4.72,N,2010-01-14T12:00:00Z,2010,1,1,14
PINE,4.71,N,2010-01-14T13:00:00Z,2010,1,1,14
PINE,4.71,N,2010-01-14T14:00:00Z,2010,1,1,14
PINE,4.71,N,2010-01-14T15:00:00Z,2010,1,1,14
PINE,4.71,N,2010-01-14T16:00:00Z,2010,1,1,14
PINE,4.71,N,2010-01-14T17:00:00Z,2010,1,1,14
PINE,4.71,N,2010-01-14T18:00:00Z,2010,1,1,14
PINE,4.71,N,2010-01-14T19:00:00Z,2010,1,1,14
PINE,4.7,N,2010-01-14T20:00:00Z,2010,1,1,14
PINE,4.7,N,2010-01-14T21:00:00Z,2010,1,1,14
PINE,4.7,N,2010-01-14T22:00:00Z,2010,1,1,14
PINE,4.7,N,2010-01-14T23:00:00Z,2010,1,1,14
PINE,4.7,N,2010-01-15T00:00:00Z,2010,1,1,15
PINE,4.7,N,2010-01-15T01:00:00Z,2010,1,1,15
PINE,4.69,N,2010-01-15T02:00:00Z,2010,1,1,15
PINE,4.69,N,2010-01-15T03:00:00Z,2010,1,1,15
PINE,4.69,N,2010-01-15T04:00:00Z,2010,1,1,15
PINE,4.69,N,2010-01-15T05:00:00Z,2010,1,1,15
PINE,4.69,N,2010-01-15T06:00:00Z,2010,1,1,15
PINE,4.69,N,2010-01-15T07:00:00Z,2010,1,1,15
PINE,4.68,N,2010-01-15T08:00:00Z,2010,1,1,15
PINE,4.68,N,2010-01-15T09:00:00Z,2010,1,1,15
PINE,4.68,N,2010-01-15T10:00:00Z,2010,1,1,15
PINE,4.68,N,2010-01-15T11:00:00Z,2010,1,1,15
PINE,4.68,N,2010-01-15T12:00:00Z,2010,1,1,15
PINE,4.69,N,2010-01-15T13:00:00Z,2010,1,1,15
PINE,4.71,N,2010-01-15T14:00:00Z,2010,1,1,15
PINE,4.73,N,2010-01-15T15:00:00Z,2010,1,1,15
PINE,4.75,N,2010-01-15T16:00:00Z,2010,1,1,15
PINE,4.77,N,2010-01-15T17:00:00Z,2010,1,1,15
PINE,4.79,N,2010-01-15T18:00:00Z,2010,1,1,15
PINE,4.8,N,2010-01-15T19:00:00Z,2010,1,1,15
PINE,4.79,N,2010-01-15T20:00:00Z,2010,1,1,15
PINE,4.79,N,2010-01-15T21:00:00Z,2010,1,1,15
PINE,4.78,N,2010-01-15T22:00:00Z,2010,1,1,15
PINE,4.78,N,2010-01-15T23:00:00Z,2010,1,1,15
PINE,4.78,N,2010-01-16T00:00:00Z,2010,1,1,16
PINE,4.77,N,2010-01-16T01:00:00Z,2010,1,1,16
PINE,4.77,N,2010-01-16T02:00:00Z,2010,1,1,16
PINE,4.76,N,2010-01-16T03:00:00Z,2010,1,1,16
PINE,4.76,N,2010-01-16T04:00:00Z,2010,1,1,16
PINE,4.76,N,2010-01-16T05:00:00Z,2010,1,1,16
PINE,4.75,N,2010-01-16T06:00:00Z,2010,1,1,16
PINE,4.75,N,2010-01-16T07:00:00Z,2010,1,1,16
PINE,4.74,N,2010-01-16T08:00:00Z,2010,1,1,16
PINE,4.74,N,2010-01-16T09:00:00Z,2010,1,1,16
PINE,4.73,N,2010-01-16T10:00:00Z,2010,1,1,16
PINE,4.73,N,2010-01-16T11:00:00Z,2010,1,1,16
PINE,4.74,N,2010-01-16T12:00:00Z,2010,1,1,16
PINE,4.76,N,2010-01-16T13:00:00Z,2010,1,1,16
PINE,4.78,N,2010-01-16T14:00:00Z,2010,1,1,16
PINE,4.8,N,2010-01-16T15:00:00Z,2010,1,1,16
PINE,4.82,N,2010-01-16T16:00:00Z,2010,1,1,16
PINE,4.84,N,2010-01-16T17:00:00Z,2010,1,1,16
PINE,4.86,N,2010-01-16T18:00:00Z,2010,1,1,16
PINE,4.88,N,2010-01-16T19:00:00Z,2010,1,1,16
PINE,4.91,N,2010-01-16T20:00:00Z,2010,1,1,16
PINE,4.93,N,2010-01-16T21:00:00Z,2010,1,1,16
PINE,4.95,N,2010-01-16T22:00:00Z,2010,1,1,16
PINE,4.97,N,2010-01-16T23:00:00Z,2010,1,1,16
PINE,4.99,N,2010-01-17T00:00:00Z,2010,1,1,17
PINE,5.01,N,2010-01-17T01:00:00Z,2010,1,1,17
PINE,5.03,N,2010-01-17T02:00:00Z,2010,1,1,17
PINE,5.05,N,2010-01-17T03:00:00Z,2010,1,1,17
PINE,5.07,N,2010-01-17T04:00:00Z,2010,1,1,17
PINE,5.09,N,2010-01-17T05:00:00Z,2010,1,1,17
PINE,5.11,N,2010-01-17T06:00:00Z,2010,1,1,17
PINE,5.19,N,2010-01-17T07:00:00Z,2010,1,1,17
PINE,5.4,N,2010-01-17T08:00:00Z,2010,1,1,17
PINE,5.63,N,2010-01-17T09:00:00Z,2010,1,1,17
PINE,5.98,N,2010-01-17T10:00:00Z,2010,1,1,17
PINE,6.45,N,2010-01-17T11:00:00Z,2010,1,1,17
PINE,7.14,N,2010-01-17T12:00:00Z,2010,1,1,17
PINE,8.25,N,2010-01-17T13:00:00Z,2010,1,1,17
PINE,9.65,N,2010-01-17T14:00:00Z,2010,1,1,17
PINE,11.07,N,2010-01-17T15:00:00Z,2010,1,1,17
PINE,12.32,N,2010-01-17T16:00:00Z,2010,1,1,17
PINE,13.08,N,2010-01-17T17:00:00Z,2010,1,1,17
PINE,13.3,N,2010-01-17T18:00:00Z,2010,1,1,17
PINE,13.21,N,2010-01-17T19:00:00Z,2010,1,1,17
PINE,12.98,N,2010-01-17T20:00:00Z,2010,1,1,17
PINE,12.67,N,2010-01-17T21:00:00Z,2010,1,1,17
PINE,12.32,N,2010-01-17T22:00:00Z,2010,1,1,17
PINE,11.98,N,2010-01-17T23:00:00Z,2010,1,1,17
PINE,11.68,N,2010-01-18T00:00:00Z,2010,1,1,18
PINE,11.41,N,2010-01-18T01:00:00Z,2010,1,1,18
PINE,11.19,N,2010-01-18T02:00:00Z,2010,1,1,18
PINE,11.01,N,2010-01-18T03:00:00Z,2010,1,1,18
PINE,10.82,N,2010-01-18T04:00:00Z,2010,1,1,18
PINE,10.63,N,2010-01-18T05:00:00Z,2010,1,1,18
PINE,10.45,N,2010-01-18T06:00:00Z,2010,1,1,18
PINE,10.23,N,2010-01-18T07:00:00Z,2010,1,1,18
PINE,10.11,N,2010-01-18T08:00:00Z,2010,1,1,18
PINE,10.1,N,2010-01-18T09:00:00Z,2010,1,1,18
PINE,10.02,N,2010-01-18T10:00:00Z,2010,1,1,18
PINE,9.91,N,2010-01-18T11:00:00Z,2010,1,1,18
PINE,9.85,N,2010-01-18T12:00:00Z,2010,1,1,18
PINE,9.81,N,2010-01-18T13:00:00Z,2010,1,1,18
PINE,9.77,N,2010-01-18T14:00:00Z,2010,1,1,18
PINE,9.85,N,2010-01-18T15:00:00Z,2010,1,1,18
PINE,10.03,N,2010-01-18T16:00:00Z,2010,1,1,18
PINE,10.22,N,2010-01-18T17:00:00Z,2010,1,1,18
PINE,10.44,N,2010-01-18T18:00:00Z,2010,1,1,18
PINE,10.63,N,2010-01-18T19:00:00Z,2010,1,1,18
PINE,10.78,N,2010-01-18T20:00:00Z,2010,1,1,18
PINE,10.86,N,2010-01-18T21:00:00Z,2010,1,1,18
PINE,10.87,N,2010-01-18T22:00:00Z,2010,1,1,18
PINE,10.81,N,2010-01-18T23:00:00Z,2010,1,1,18
PINE,10.67,N,2010-01-19T00:00:00Z,2010,1,1,19
PINE,10.53,N,2010-01-19T01:00:00Z,2010,1,1,19
PINE,10.39,N,2010-01-19T02:00:00Z,2010,1,1,19
PINE,10.29,N,2010-01-19T03:00:00Z,2010,1,1,19
PINE,10.23,N,2010-01-19T04:00:00Z,2010,1,1,19
PINE,10.17,N,2010-01-19T05:00:00Z,2010,1,1,19
PINE,10.12,N,2010-01-19T06:00:00Z,2010,1,1,19
PINE,10.06,N,2010-01-19T07:00:00Z,2010,1,1,19
PINE,9.99,N,2010-01-19T08:00:00Z,2010,1,1,19
PINE,9.91,N,2010-01-19T09:00:00Z,2010,1,1,19
PINE,9.83,N,2010-01-19T10:00:00Z,2010,1,1,19
PINE,9.75,N,2010-01-19T11:00:00Z,2010,1,1,19
PINE,9.67,N,2010-01-19T12:00:00Z,2010,1,1,19
PINE,9.59,N,2010-01-19T13:00:00Z,2010,1,1,19
PINE,9.51,N,2010-01-19T14:00:00Z,2010,1,1,19
PINE,9.47,N,2010-01-19T15:00:00Z,2010,1,1,19
PINE,9.46,N,2010-01-19T16:00:00Z,2010,1,1,19
PINE,9.46,N,2010-01-19T17:00:00Z,2010,1,1,19
PINE,9.52,N,2010-01-19T18:00:00Z,2010,1,1,19
PINE,9.62,N,2010-01-19T19:00:00Z,2010,1,1,19
PINE,9.71,N,2010-01-19T20:00:00Z,2010,1,1,19
PINE,9.76,N,2010-01-19T21:00:00Z,2010,1,1,19
PINE,9.76,N,2010-01-19T22:00:00Z,2010,1,1,19
PINE,9.76,N,2010-01-19T23:00:00Z,2010,1,1,19
PINE,9.75,N,2010-01-20T00:00:00Z,2010,1,1,20
PINE,9.73,N,2010-01-20T01:00:00Z,2010,1,1,20
PINE,9.7,N,2010-01-20T02:00:00Z,2010,1,1,20
PINE,9.69,N,2010-01-20T03:00:00Z,2010,1,1,20
PINE,9.69,N,2010-01-20T04:00:00Z,2010,1,1,20
PINE,9.69,N,2010-01-20T05:00:00Z,2010,1,1,20
PINE,9.69,N,2010-01-20T06:00:00Z,2010,1,1,20
PINE,9.69,N,2010-01-20T07:00:00Z,2010,1,1,20
PINE,9.69,N,2010-01-20T08:00:00Z,2010,1,1,20
PINE,9.69,N,2010-01-20T09:00:00Z,2010,1,1,20
PINE,9.69,N,2010-01-20T10:00:00Z,2010,1,1,20
PINE,9.69,N,2010-01-20T11:00:00Z,2010,1,1,20
PINE,9.7,N,2010-01-20T12:00:00Z,2010,1,1,20
PINE,9.7,N,2010-01-20T13:00:00Z,2010,1,1,20
PINE,9.68,N,2010-01-20T14:00:00Z,2010,1,1,20
PINE,9.63,N,2010-01-20T15:00:00Z,2010,1,1,20
PINE,9.58,N,2010-01-20T16:00:00Z,2010,1,1,20
PINE,9.53,N,2010-01-20T17:00:00Z,2010,1,1,20
PINE,9.48,N,2010-01-20T18:00:00Z,2010,1,1,20
PINE,9.43,N,2010-01-20T19:00:00Z,2010,1,1,20
PINE,9.38,N,2010-01-20T20:00:00Z,2010,1,1,20
PINE,9.33,N,2010-01-20T21:00:00Z,2010,1,1,20
PINE,9.28,N,2010-01-20T22:00:00Z,2010,1,1,20
PINE,9.23,N,2010-01-20T23:00:00Z,2010,1,1,20
PINE,9.18,N,2010-01-21T00:00:00Z,2010,1,1,21
PINE,9.13,N,2010-01-21T01:00:00Z,2010,1,1,21
PINE,9.09,N,2010-01-21T02:00:00Z,2010,1,1,21
PINE,9.04,N,2010-01-21T03:00:00Z,2010,1,1,21
PINE,8.99,N,2010-01-21T04:00:00Z,2010,1,1,21
PINE,8.94,N,2010-01-21T05:00:00Z,2010,1,1,21
PINE,8.89,N,2010-01-21T06:00:00Z,2010,1,1,21
PINE,8.85,N,2010-01-21T07:00:00Z,2010,1,1,21
PINE,8.8,N,2010-01-21T08:00:00Z,2010,1,1,21
PINE,8.75,N,2010-01-21T09:00:00Z,2010,1,1,21
PINE,8.7,N,2010-01-21T10:00:00Z,2010,1,1,21
PINE,8.66,N,2010-01-21T11:00:00Z,2010,1,1,21
PINE,8.61,N,2010-01-21T12:00:00Z,2010,1,1,21
PINE,8.59,N,2010-01-21T13:00:00Z,2010,1,1,21
PINE,8.58,N,2010-01-21T14:00:00Z,2010,1,1,21
PINE,8.57,N,2010-01-21T15:00:00Z,2010,1,1,21
PINE,8.56,N,2010-01-21T16:00:00Z,2010,1,1,21
PINE,8.55,N,2010-01-21T17:00:00Z,2010,1,1,21
PINE,8.62,N,2010-01-21T18:00:00Z,2010,1,1,21
PINE,8.72,N,2010-01-21T19:00:00Z,2010,1,1,21
PINE,8.83,N,2010-01-21T20:00:00Z,2010,1,1,21
PINE,8.91,N,2010-01-21T21:00:00Z,2010,1,1,21
PINE,8.9,N,2010-01-21T22:00:00Z,2010,1,1,21
PINE,8.85,N,2010-01-21T23:00:00Z,2010,1,1,21
PINE,8.8,N,2010-01-22T00:00:00Z,2010,1,1,22
PINE,8.75,N,2010-01-22T01:00:00Z,2010,1,1,22
PINE,8.7,N,2010-01-22T02:00:00Z,2010,1,1,22
PINE,8.68,N,2010-01-22T03:00:00Z,2010,1,1,22
PINE,8.71,N,2010-01-22T04:00:00Z,2010,1,1,22
PINE,8.77,N,2010-01-22T05:00:00Z,2010,1,1,22
PINE,8.88,N,2010-01-22T06:00:00Z,2010,1,1,22
PINE,8.96,N,2010-01-22T07:00:00Z,2010,1,1,22
PINE,9,N,2010-01-22T08:00:00Z,2010,1,1,22
PINE,9.03,N,2010-01-22T09:00:00Z,2010,1,1,22
PINE,9.07,N,2010-01-22T10:00:00Z,2010,1,1,22
PINE,9.12,N,2010-01-22T11:00:00Z,2010,1,1,22
PINE,9.2,N,2010-01-22T12:00:00Z,2010,1,1,22
PINE,9.27,N,2010-01-22T13:00:00Z,2010,1,1,22
PINE,9.38,N,2010-01-22T14:00:00Z,2010,1,1,22
PINE,9.52,N,2010-01-22T15:00:00Z,2010,1,1,22
PINE,9.66,N,2010-01-22T16:00:00Z,2010,1,1,22
PINE,9.81,N,2010-01-22T17:00:00Z,2010,1,1,22
PINE,9.95,N,2010-01-22T18:00:00Z,2010,1,1,22
PINE,10.1,N,2010-01-22T19:00:00Z,2010,1,1,22
PINE,10.27,N,2010-01-22T20:00:00Z,2010,1,1,22
PINE,10.38,N,2010-01-22T21:00:00Z,2010,1,1,22
PINE,10.43,N,2010-01-22T22:00:00Z,2010,1,1,22
PINE,10.42,N,2010-01-22T23:00:00Z,2010,1,1,22
PINE,10.34,N,2010-01-23T00:00:00Z,2010,1,1,23
PINE,10.25,N,2010-01-23T01:00:00Z,2010,1,1,23
PINE,10.17,N,2010-01-23T02:00:00Z,2010,1,1,23
PINE,10.08,N,2010-01-23T03:00:00Z,2010,1,1,23
PINE,10,N,2010-01-23T04:00:00Z,2010,1,1,23
PINE,9.92,N,2010-01-23T05:00:00Z,2010,1,1,23
PINE,9.84,N,2010-01-23T06:00:00Z,2010,1,1,23
PINE,9.75,N,2010-01-23T07:00:00Z,2010,1,1,23
PINE,9.67,N,2010-01-23T08:00:00Z,2010,1,1,23
PINE,9.59,N,2010-01-23T09:00:00Z,2010,1,1,23
PINE,9.51,N,2010-01-23T10:00:00Z,2010,1,1,23
PINE,9.43,N,2010-01-23T11:00:00Z,2010,1,1,23
PINE,9.36,N,2010-01-23T12:00:00Z,2010,1,1,23
PINE,9.28,N,2010-01-23T13:00:00Z,2010,1,1,23
PINE,9.26,N,2010-01-23T14:00:00Z,2010,1,1,23
PINE,9.28,N,2010-01-23T15:00:00Z,2010,1,1,23
PINE,9.29,N,2010-01-23T16:00:00Z,2010,1,1,23
PINE,9.31,N,2010-01-23T17:00:00Z,2010,1,1,23
PINE,9.33,N,2010-01-23T18:00:00Z,2010,1,1,23
PINE,9.35,N,2010-01-23T19:00:00Z,2010,1,1,23
PINE,9.35,N,2010-01-23T20:00:00Z,2010,1,1,23
PINE,9.35,N,2010-01-23T21:00:00Z,2010,1,1,23
PINE,9.35,N,2010-01-23T22:00:00Z,2010,1,1,23
PINE,9.34,N,2010-01-23T23:00:00Z,2010,1,1,23
PINE,9.32,N,2010-01-24T00:00:00Z,2010,1,1,24
PINE,9.29,N,2010-01-24T01:00:00Z,2010,1,1,24
PINE,9.26,N,2010-01-24T02:00:00Z,2010,1,1,24
PINE,9.22,N,2010-01-24T03:00:00Z,2010,1,1,24
PINE,9.19,N,2010-01-24T04:00:00Z,2010,1,1,24
PINE,9.16,N,2010-01-24T05:00:00Z,2010,1,1,24
PINE,9.12,N,2010-01-24T06:00:00Z,2010,1,1,24
PINE,9.09,N,2010-01-24T07:00:00Z,2010,1,1,24
PINE,9.06,N,2010-01-24T08:00:00Z,2010,1,1,24
PINE,9.05,N,2010-01-24T09:00:00Z,2010,1,1,24
PINE,9.05,N,2010-01-24T10:00:00Z,2010,1,1,24
PINE,9.05,N,2010-01-24T11:00:00Z,2010,1,1,24
PINE,9.05,N,2010-01-24T12:00:00Z,2010,1,1,24
PINE,9.08,N,2010-01-24T13:00:00Z,2010,1,1,24
PINE,9.15,N,2010-01-24T14:00:00Z,2010,1,1,24
PINE,9.29,N,2010-01-24T15:00:00Z,2010,1,1,24
PINE,9.5,N,2010-01-24T16:00:00Z,2010,1,1,24
PINE,9.97,N,2010-01-24T17:00:00Z,2010,1,1,24
PINE,10.67,N,2010-01-24T18:00:00Z,2010,1,1,24
PINE,11.55,N,2010-01-24T19:00:00Z,2010,1,1,24
PINE,13.04,N,2010-01-24T20:00:00Z,2010,1,1,24
PINE,15.72,N,2010-01-24T21:00:00Z,2010,1,1,24
PINE,19.26,N,2010-01-24T22:00:00Z,2010,1,1,24
PINE,24.63,N,2010-01-24T23:00:00Z,2010,1,1,24
PINE,39.26,N,2010-01-25T00:00:00Z,2010,1,1,25
PINE,97.2,N,2010-01-25T01:00:00Z,2010,1,1,25
PINE,321.78,N,2010-01-25T02:00:00Z,2010,1,1,25
PINE,535.06,N,2010-01-25T03:00:00Z,2010,1,1,25
PINE,538.24,N,2010-01-25T04:00:00Z,2010,1,1,25
PINE,598.49,N,2010-01-25T05:00:00Z,2010,1,1,25
PINE,789.31,N,2010-01-25T06:00:00Z,2010,1,1,25
PINE,971.9,N,2010-01-25T07:00:00Z,2010,1,1,25
PINE,897.03,N,2010-01-25T08:00:00Z,2010,1,1,25
PINE,724.74,N,2010-01-25T09:00:00Z,2010,1,1,25
PINE,601.8,N,2010-01-25T10:00:00Z,2010,1,1,25
PINE,511.75,N,2010-01-25T11:00:00Z,2010,1,1,25
PINE,442.74,N,2010-01-25T12:00:00Z,2010,1,1,25
PINE,392.7,N,2010-01-25T13:00:00Z,2010,1,1,25
PINE,344.29,N,2010-01-25T14:00:00Z,2010,1,1,25
PINE,304.3,N,2010-01-25T15:00:00Z,2010,1,1,25
PINE,277.14,N,2010-01-25T16:00:00Z,2010,1,1,25
PINE,252.51,N,2010-01-25T17:00:00Z,2010,1,1,25
PINE,228.72,N,2010-01-25T18:00:00Z,2010,1,1,25
PINE,207.96,N,2010-01-25T19:00:00Z,2010,1,1,25
PINE,189.89,N,2010-01-25T20:00:00Z,2010,1,1,25
PINE,174.68,N,2010-01-25T21:00:00Z,2010,1,1,25
PINE,164.08,N,2010-01-25T22:00:00Z,2010,1,1,25
PINE,156.25,N,2010-01-25T23:00:00Z,2010,1,1,25
PINE,148.76,N,2010-01-26T00:00:00Z,2010,1,1,26
PINE,141.58,N,2010-01-26T01:00:00Z,2010,1,1,26
PINE,134.09,N,2010-01-26T02:00:00Z,2010,1,1,26
PINE,126.4,N,2010-01-26T03:00:00Z,2010,1,1,26
PINE,120.37,N,2010-01-26T04:00:00Z,2010,1,1,26
PINE,115.17,N,2010-01-26T05:00:00Z,2010,1,1,26
PINE,110.68,N,2010-01-26T06:00:00Z,2010,1,1,26
PINE,106.65,N,2010-01-26T07:00:00Z,2010,1,1,26
PINE,102.74,N,2010-01-26T08:00:00Z,2010,1,1,26
PINE,98.96,N,2010-01-26T09:00:00Z,2010,1,1,26
PINE,95.66,N,2010-01-26T10:00:00Z,2010,1,1,26
PINE,93,N,2010-01-26T11:00:00Z,2010,1,1,26
PINE,90.39,N,2010-01-26T12:00:00Z,2010,1,1,26
PINE,87.86,N,2010-01-26T13:00:00Z,2010,1,1,26
PINE,85.38,N,2010-01-26T14:00:00Z,2010,1,1,26
PINE,82.96,N,2010-01-26T15:00:00Z,2010,1,1,26
PINE,80.46,N,2010-01-26T16:00:00Z,2010,1,1,26
PINE,77.95,N,2010-01-26T17:00:00Z,2010,1,1,26
PINE,75.51,N,2010-01-26T18:00:00Z,2010,1,1,26
PINE,73.14,N,2010-01-26T19:00:00Z,2010,1,1,26
PINE,70.84,N,2010-01-26T20:00:00Z,2010,1,1,26
PINE,68.59,N,2010-01-26T21:00:00Z,2010,1,1,26
PINE,66.41,N,2010-01-26T22:00:00Z,2010,1,1,26
PINE,64.29,N,2010-01-26T23:00:00Z,2010,1,1,26
PINE,62.23,N,2010-01-27T00:00:00Z,2010,1,1,27
PINE,60.32,N,2010-01-27T01:00:00Z,2010,1,1,27
PINE,58.46,N,2010-01-27T02:00:00Z,2010,1,1,27
PINE,56.83,N,2010-01-27T03:00:00Z,2010,1,1,27
PINE,55.51,N,2010-01-27T04:00:00Z,2010,1,1,27
PINE,54.23,N,2010-01-27T05:00:00Z,2010,1,1,27
PINE,53.08,N,2010-01-27T06:00:00Z,2010,1,1,27
PINE,52,N,2010-01-27T07:00:00Z,2010,1,1,27
PINE,50.94,N,2010-01-27T08:00:00Z,2010,1,1,27
PINE,49.9,N,2010-01-27T09:00:00Z,2010,1,1,27
PINE,48.99,N,2010-01-27T10:00:00Z,2010,1,1,27
PINE,48.17,N,2010-01-27T11:00:00Z,2010,1,1,27
PINE,47.35,N,2010-01-27T12:00:00Z,2010,1,1,27
PINE,46.55,N,2010-01-27T13:00:00Z,2010,1,1,27
PINE,45.76,N,2010-01-27T14:00:00Z,2010,1,1,27
PINE,44.99,N,2010-01-27T15:00:00Z,2010,1,1,27
PINE,44.22,N,2010-01-27T16:00:00Z,2010,1,1,27
PINE,43.46,N,2010-01-27T17:00:00Z,2010,1,1,27
PINE,42.72,N,2010-01-27T18:00:00Z,2010,1,1,27
PINE,41.99,N,2010-01-27T19:00:00Z,2010,1,1,27
PINE,41.27,N,2010-01-27T20:00:00Z,2010,1,1,27
PINE,40.58,N,2010-01-27T21:00:00Z,2010,1,1,27
PINE,39.91,N,2010-01-27T22:00:00Z,2010,1,1,27
PINE,39.25,N,2010-01-27T23:00:00Z,2010,1,1,27
PINE,38.6,N,2010-01-28T00:00:00Z,2010,1,1,28
PINE,37.96,N,2010-01-28T01:00:00Z,2010,1,1,28
PINE,37.33,N,2010-01-28T02:00:00Z,2010,1,1,28
PINE,36.7,N,2010-01-28T03:00:00Z,2010,1,1,28
PINE,36.19,N,2010-01-28T04:00:00Z,2010,1,1,28
PINE,35.78,N,2010-01-28T05:00:00Z,2010,1,1,28
PINE,35.37,N,2010-01-28T06:00:00Z,2010,1,1,28
PINE,34.97,N,2010-01-28T07:00:00Z,2010,1,1,28
PINE,34.57,N,2010-01-28T08:00:00Z,2010,1,1,28
PINE,34.17,N,2010-01-28T09:00:00Z,2010,1,1,28
PINE,33.78,N,2010-01-28T10:00:00Z,2010,1,1,28
PINE,33.39,N,2010-01-28T11:00:00Z,2010,1,1,28
PINE,33.01,N,2010-01-28T12:00:00Z,2010,1,1,28
PINE,32.62,N,2010-01-28T13:00:00Z,2010,1,1,28
PINE,32.25,N,2010-01-28T14:00:00Z,2010,1,1,28
PINE,31.87,N,2010-01-28T15:00:00Z,2010,1,1,28
PINE,31.5,N,2010-01-28T16:00:00Z,2010,1,1,28
PINE,31.14,N,2010-01-28T17:00:00Z,2010,1,1,28
PINE,30.78,N,2010-01-28T18:00:00Z,2010,1,1,28
PINE,30.42,N,2010-01-28T19:00:00Z,2010,1,1,28
PINE,30.06,N,2010-01-28T20:00:00Z,2010,1,1,28
PINE,29.71,N,2010-01-28T21:00:00Z,2010,1,1,28
PINE,29.36,N,2010-01-28T22:00:00Z,2010,1,1,28
PINE,29.02,N,2010-01-28T23:00:00Z,2010,1,1,28
PINE,28.68,N,2010-01-29T00:00:00Z,2010,1,1,29
PINE,28.34,N,2010-01-29T01:00:00Z,2010,1,1,29
PINE,28.01,N,2010-01-29T02:00:00Z,2010,1,1,29
PINE,27.68,N,2010-01-29T03:00:00Z,2010,1,1,29
PINE,27.35,N,2010-01-29T04:00:00Z,2010,1,1,29
PINE,27.08,N,2010-01-29T05:00:00Z,2010,1,1,29
PINE,26.84,N,2010-01-29T06:00:00Z,2010,1,1,29
PINE,26.6,N,2010-01-29T07:00:00Z,2010,1,1,29
PINE,26.36,N,2010-01-29T08:00:00Z,2010,1,1,29
PINE,26.13,N,2010-01-29T09:00:00Z,2010,1,1,29
PINE,25.9,N,2010-01-29T10:00:00Z,2010,1,1,29
PINE,25.68,N,2010-01-29T11:00:00Z,2010,1,1,29
PINE,25.48,N,2010-01-29T12:00:00Z,2010,1,1,29
PINE,25.29,N,2010-01-29T13:00:00Z,2010,1,1,29
PINE,25.1,N,2010-01-29T14:00:00Z,2010,1,1,29
PINE,24.91,N,2010-01-29T15:00:00Z,2010,1,1,29
PINE,24.72,N,2010-01-29T16:00:00Z,2010,1,1,29
PINE,24.53,N,2010-01-29T17:00:00Z,2010,1,1,29
PINE,24.34,N,2010-01-29T18:00:00Z,2010,1,1,29
PINE,24.16,N,2010-01-29T19:00:00Z,2010,1,1,29
PINE,23.97,N,2010-01-29T20:00:00Z,2010,1,1,29
PINE,23.79,N,2010-01-29T21:00:00Z,2010,1,1,29
PINE,23.61,N,2010-01-29T22:00:00Z,2010,1,1,29
PINE,23.43,N,2010-01-29T23:00:00Z,2010,1,1,29
PINE,23.25,N,2010-01-30T00:00:00Z,2010,1,1,30
PINE,23.07,N,2010-01-30T01:00:00Z,2010,1,1,30
PINE,22.89,N,2010-01-30T02:00:00Z,2010,1,1,30
PINE,22.71,N,2010-01-30T03:00:00Z,2010,1,1,30
PINE,22.54,N,2010-01-30T04:00:00Z,2010,1,1,30
PINE,22.37,N,2010-01-30T05:00:00Z,2010,1,1,30
PINE,22.27,N,2010-01-30T06:00:00Z,2010,1,1,30
PINE,22.25,N,2010-01-30T07:00:00Z,2010,1,1,30
PINE,22.24,N,2010-01-30T08:00:00Z,2010,1,1,30
PINE,22.23,N,2010-01-30T09:00:00Z,2010,1,1,30
PINE,22.22,N,2010-01-30T10:00:00Z,2010,1,1,30
PINE,22.2,N,2010-01-30T11:00:00Z,2010,1,1,30
PINE,22.12,N,2010-01-30T12:00:00Z,2010,1,1,30
PINE,21.99,N,2010-01-30T13:00:00Z,2010,1,1,30
PINE,21.86,N,2010-01-30T14:00:00Z,2010,1,1,30
PINE,21.73,N,2010-01-30T15:00:00Z,2010,1,1,30
PINE,21.6,N,2010-01-30T16:00:00Z,2010,1,1,30
PINE,21.47,N,2010-01-30T17:00:00Z,2010,1,1,30
PINE,21.34,N,2010-01-30T18:00:00Z,2010,1,1,30
PINE,21.21,N,2010-01-30T19:00:00Z,2010,1,1,30
PINE,21.08,N,2010-01-30T20:00:00Z,2010,1,1,30
PINE,20.95,N,2010-01-30T21:00:00Z,2010,1,1,30
PINE,20.82,N,2010-01-30T22:00:00Z,2010,1,1,30
PINE,20.7,N,2010-01-30T23:00:00Z,2010,1,1,30
PINE,20.57,N,2010-01-31T00:00:00Z,2010,1,1,31
PINE,20.45,N,2010-01-31T01:00:00Z,2010,1,1,31
PINE,20.33,N,2010-01-31T02:00:00Z,2010,1,1,31
PINE,20.22,N,2010-01-31T03:00:00Z,2010,1,1,31
PINE,20.12,N,2010-01-31T04:00:00Z,2010,1,1,31
PINE,20.01,N,2010-01-31T05:00:00Z,2010,1,1,31
PINE,19.9,N,2010-01-31T06:00:00Z,2010,1,1,31
PINE,19.8,N,2010-01-31T07:00:00Z,2010,1,1,31
PINE,19.65,N,2010-01-31T08:00:00Z,2010,1,1,31
PINE,19.31,N,2010-01-31T09:00:00Z,2010,1,1,31
PINE,18.88,N,2010-01-31T10:00:00Z,2010,1,1,31
PINE,18.47,N,2010-01-31T11:00:00Z,2010,1,1,31
PINE,18.21,N,2010-01-31T12:00:00Z,2010,1,1,31
PINE,18.09,N,2010-01-31T13:00:00Z,2010,1,1,31
PINE,17.97,N,2010-01-31T14:00:00Z,2010,1,1,31
PINE,17.85,N,2010-01-31T15:00:00Z,2010,1,1,31
PINE,17.73,N,2010-01-31T16:00:00Z,2010,1,1,31
PINE,17.61,N,2010-01-31T17:00:00Z,2010,1,1,31
PINE,17.49,N,2010-01-31T18:00:00Z,2010,1,1,31
PINE,17.37,N,2010-01-31T19:00:00Z,2010,1,1,31
PINE,17.26,N,2010-01-31T20:00:00Z,2010,1,1,31
PINE,17.14,N,2010-01-31T21:00:00Z,2010,1,1,31
PINE,17.02,N,2010-01-31T22:00:00Z,2010,1,1,31
PINE,16.91,N,2010-01-31T23:00:00Z,2010,1,1,31
PINE,16.8,N,2010-02-01T00:00:00Z,2010,1,2,1
PINE,16.68,N,2010-02-01T01:00:00Z,2010,1,2,1
PINE,16.57,N,2010-02-01T02:00:00Z,2010,1,2,1
PINE,16.46,N,2010-02-01T03:00:00Z,2010,1,2,1
PINE,16.35,N,2010-02-01T04:00:00Z,2010,1,2,1
PINE,16.24,N,2010-02-01T05:00:00Z,2010,1,2,1
PINE,16.13,N,2010-02-01T06:00:00Z,2010,1,2,1
PINE,16.04,N,2010-02-01T07:00:00Z,2010,1,2,1
PINE,15.97,N,2010-02-01T08:00:00Z,2010,1,2,1
PINE,15.91,N,2010-02-01T09:00:00Z,2010,1,2,1
PINE,15.84,N,2010-02-01T10:00:00Z,2010,1,2,1
PINE,15.78,N,2010-02-01T11:00:00Z,2010,1,2,1
PINE,15.72,N,2010-02-01T12:00:00Z,2010,1,2,1
PINE,15.65,N,2010-02-01T13:00:00Z,2010,1,2,1
PINE,15.59,N,2010-02-01T14:00:00Z,2010,1,2,1
PINE,15.53,N,2010-02-01T15:00:00Z,2010,1,2,1
PINE,15.46,N,2010-02-01T16:00:00Z,2010,1,2,1
PINE,15.4,N,2010-02-01T17:00:00Z,2010,1,2,1
PINE,15.34,N,2010-02-01T18:00:00Z,2010,1,2,1
PINE,15.28,N,2010-02-01T19:00:00Z,2010,1,2,1
PINE,15.22,N,2010-02-01T20:00:00Z,2010,1,2,1
PINE,15.15,N,2010-02-01T21:00:00Z,2010,1,2,1
PINE,15.09,N,2010-02-01T22:00:00Z,2010,1,2,1
PINE,15.03,N,2010-02-01T23:00:00Z,2010,1,2,1
PINE,14.97,N,2010-02-02T00:00:00Z,2010,1,2,2
PINE,14.91,N,2010-02-02T01:00:00Z,2010,1,2,2
PINE,14.85,N,2010-02-02T02:00:00Z,2010,1,2,2
PINE,14.79,N,2010-02-02T03:00:00Z,2010,1,2,2
PINE,14.73,N,2010-02-02T04:00:00Z,2010,1,2,2
PINE,14.67,N,2010-02-02T05:00:00Z,2010,1,2,2
PINE,14.61,N,2010-02-02T06:00:00Z,2010,1,2,2
PINE,14.55,N,2010-02-02T07:00:00Z,2010,1,2,2
PINE,14.49,N,2010-02-02T08:00:00Z,2010,1,2,2
PINE,14.43,N,2010-02-02T09:00:00Z,2010,1,2,2
PINE,14.37,N,2010-02-02T10:00:00Z,2010,1,2,2
PINE,14.35,N,2010-02-02T11:00:00Z,2010,1,2,2
PINE,14.35,N,2010-02-02T12:00:00Z,2010,1,2,2
PINE,14.35,N,2010-02-02T13:00:00Z,2010,1,2,2
PINE,14.35,N,2010-02-02T14:00:00Z,2010,1,2,2
PINE,14.35,N,2010-02-02T15:00:00Z,2010,1,2,2
PINE,14.38,N,2010-02-02T16:00:00Z,2010,1,2,2
PINE,14.45,N,2010-02-02T17:00:00Z,2010,1,2,2
PINE,14.51,N,2010-02-02T18:00:00Z,2010,1,2,2
PINE,14.55,N,2010-02-02T19:00:00Z,2010,1,2,2
PINE,14.53,N,2010-02-02T20:00:00Z,2010,1,2,2
PINE,14.51,N,2010-02-02T21:00:00Z,2010,1,2,2
PINE,14.49,N,2010-02-02T22:00:00Z,2010,1,2,2
PINE,14.42,N,2010-02-02T23:00:00Z,2010,1,2,2
PINE,14.3,N,2010-02-03T00:00:00Z,2010,1,2,3
PINE,14.18,N,2010-02-03T01:00:00Z,2010,1,2,3
PINE,14.09,N,2010-02-03T02:00:00Z,2010,1,2,3
PINE,14.02,N,2010-02-03T03:00:00Z,2010,1,2,3
PINE,13.96,N,2010-02-03T04:00:00Z,2010,1,2,3
PINE,13.9,N,2010-02-03T05:00:00Z,2010,1,2,3
PINE,13.84,N,2010-02-03T06:00:00Z,2010,1,2,3
PINE,13.78,N,2010-02-03T07:00:00Z,2010,1,2,3
PINE,13.72,N,2010-02-03T08:00:00Z,2010,1,2,3
PINE,13.66,N,2010-02-03T09:00:00Z,2010,1,2,3
PINE,13.6,N,2010-02-03T10:00:00Z,2010,1,2,3
PINE,13.54,N,2010-02-03T11:00:00Z,2010,1,2,3
PINE,13.49,N,2010-02-03T12:00:00Z,2010,1,2,3
PINE,13.44,N,2010-02-03T13:00:00Z,2010,1,2,3
PINE,13.4,N,2010-02-03T14:00:00Z,2010,1,2,3
PINE,13.35,N,2010-02-03T15:00:00Z,2010,1,2,3
PINE,13.3,N,2010-02-03T16:00:00Z,2010,1,2,3
PINE,13.25,N,2010-02-03T17:00:00Z,2010,1,2,3
PINE,13.2,N,2010-02-03T18:00:00Z,2010,1,2,3
PINE,13.16,N,2010-02-03T19:00:00Z,2010,1,2,3
PINE,13.11,N,2010-02-03T20:00:00Z,2010,1,2,3
PINE,13.06,N,2010-02-03T21:00:00Z,2010,1,2,3
PINE,13.02,N,2010-02-03T22:00:00Z,2010,1,2,3
PINE,12.97,N,2010-02-03T23:00:00Z,2010,1,2,3
PINE,12.92,N,2010-02-04T00:00:00Z,2010,1,2,4
PINE,12.88,N,2010-02-04T01:00:00Z,2010,1,2,4
PINE,12.83,N,2010-02-04T02:00:00Z,2010,1,2,4
PINE,12.78,N,2010-02-04T03:00:00Z,2010,1,2,4
PINE,12.74,N,2010-02-04T04:00:00Z,2010,1,2,4
PINE,12.69,N,2010-02-04T05:00:00Z,2010,1,2,4
PINE,12.65,N,2010-02-04T06:00:00Z,2010,1,2,4
PINE,12.6,N,2010-02-04T07:00:00Z,2010,1,2,4
PINE,12.55,N,2010-02-04T08:00:00Z,2010,1,2,4
PINE,12.51,N,2010-02-04T09:00:00Z,2010,1,2,4
PINE,12.46,N,2010-02-04T10:00:00Z,2010,1,2,4
PINE,12.42,N,2010-02-04T11:00:00Z,2010,1,2,4
PINE,12.37,N,2010-02-04T12:00:00Z,2010,1,2,4
PINE,12.33,N,2010-02-04T13:00:00Z,2010,1,2,4
PINE,12.3,N,2010-02-04T14:00:00Z,2010,1,2,4
PINE,12.28,N,2010-02-04T15:00:00Z,2010,1,2,4
PINE,12.26,N,2010-02-04T16:00:00Z,2010,1,2,4
PINE,12.25,N,2010-02-04T17:00:00Z,2010,1,2,4
PINE,12.23,N,2010-02-04T18:00:00Z,2010,1,2,4
PINE,12.21,N,2010-02-04T19:00:00Z,2010,1,2,4
PINE,12.19,N,2010-02-04T20:00:00Z,2010,1,2,4
PINE,12.18,N,2010-02-04T21:00:00Z,2010,1,2,4
PINE,12.16,N,2010-02-04T22:00:00Z,2010,1,2,4
PINE,12.14,N,2010-02-04T23:00:00Z,2010,1,2,4
PINE,12.12,N,2010-02-05T00:00:00Z,2010,1,2,5
PINE,12.11,N,2010-02-05T01:00:00Z,2010,1,2,5
PINE,12.09,N,2010-02-05T02:00:00Z,2010,1,2,5
PINE,12.07,N,2010-02-05T03:00:00Z,2010,1,2,5
PINE,12.06,N,2010-02-05T04:00:00Z,2010,1,2,5
PINE,12.04,N,2010-02-05T05:00:00Z,2010,1,2,5
PINE,12.02,N,2010-02-05T06:00:00Z,2010,1,2,5
PINE,12,N,2010-02-05T07:00:00Z,2010,1,2,5
PINE,11.99,N,2010-02-05T08:00:00Z,2010,1,2,5
PINE,11.97,N,2010-02-05T09:00:00Z,2010,1,2,5
PINE,11.95,N,2010-02-05T10:00:00Z,2010,1,2,5
PINE,11.94,N,2010-02-05T11:00:00Z,2010,1,2,5
PINE,11.92,N,2010-02-05T12:00:00Z,2010,1,2,5
PINE,11.9,N,2010-02-05T13:00:00Z,2010,1,2,5
PINE,11.88,N,2010-02-05T14:00:00Z,2010,1,2,5
PINE,11.96,N,2010-02-05T15:00:00Z,2010,1,2,5
PINE,12.12,N,2010-02-05T16:00:00Z,2010,1,2,5
PINE,12.27,N,2010-02-05T17:00:00Z,2010,1,2,5
PINE,12.43,N,2010-02-05T18:00:00Z,2010,1,2,5
PINE,12.59,N,2010-02-05T19:00:00Z,2010,1,2,5
PINE,12.75,N,2010-02-05T20:00:00Z,2010,1,2,5
PINE,12.89,N,2010-02-05T21:00:00Z,2010,1,2,5
PINE,12.74,N,2010-02-05T22:00:00Z,2010,1,2,5
PINE,12.44,N,2010-02-05T23:00:00Z,2010,1,2,5
PINE,12.15,N,2010-02-06T00:00:00Z,2010,1,2,6
PINE,11.86,N,2010-02-06T01:00:00Z,2010,1,2,6
PINE,12.1,N,2010-02-06T02:00:00Z,2010,1,2,6
PINE,12.61,N,2010-02-06T03:00:00Z,2010,1,2,6
PINE,12.86,N,2010-02-06T04:00:00Z,2010,1,2,6
PINE,13.03,N,2010-02-06T05:00:00Z,2010,1,2,6
PINE,13.15,N,2010-02-06T06:00:00Z,2010,1,2,6
PINE,13.18,N,2010-02-06T07:00:00Z,2010,1,2,6
PINE,13.22,N,2010-02-06T08:00:00Z,2010,1,2,6
PINE,13.25,N,2010-02-06T09:00:00Z,2010,1,2,6
PINE,13.22,N,2010-02-06T10:00:00Z,2010,1,2,6
PINE,13.03,N,2010-02-06T11:00:00Z,2010,1,2,6
PINE,12.83,N,2010-02-06T12:00:00Z,2010,1,2,6
PINE,12.65,N,2010-02-06T13:00:00Z,2010,1,2,6
PINE,12.46,N,2010-02-06T14:00:00Z,2010,1,2,6
PINE,12.27,N,2010-02-06T15:00:00Z,2010,1,2,6
PINE,12.16,N,2010-02-06T16:00:00Z,2010,1,2,6
PINE,12.1,N,2010-02-06T17:00:00Z,2010,1,2,6
PINE,12.04,N,2010-02-06T18:00:00Z,2010,1,2,6
PINE,11.98,N,2010-02-06T19:00:00Z,2010,1,2,6
PINE,11.91,N,2010-02-06T20:00:00Z,2010,1,2,6
PINE,11.85,N,2010-02-06T21:00:00Z,2010,1,2,6
PINE,11.79,N,2010-02-06T22:00:00Z,2010,1,2,6
PINE,11.73,N,2010-02-06T23:00:00Z,2010,1,2,6
PINE,11.69,N,2010-02-07T00:00:00Z,2010,1,2,7
PINE,11.66,N,2010-02-07T01:00:00Z,2010,1,2,7
PINE,11.64,N,2010-02-07T02:00:00Z,2010,1,2,7
PINE,11.62,N,2010-02-07T03:00:00Z,2010,1,2,7
PINE,11.6,N,2010-02-07T04:00:00Z,2010,1,2,7
PINE,11.57,N,2010-02-07T05:00:00Z,2010,1,2,7
PINE,11.55,N,2010-02-07T06:00:00Z,2010,1,2,7
PINE,11.53,N,2010-02-07T07:00:00Z,2010,1,2,7
PINE,11.51,N,2010-02-07T08:00:00Z,2010,1,2,7
PINE,11.49,N,2010-02-07T09:00:00Z,2010,1,2,7
PINE,11.44,N,2010-02-07T10:00:00Z,2010,1,2,7
PINE,11.33,N,2010-02-07T11:00:00Z,2010,1,2,7
PINE,11.23,N,2010-02-07T12:00:00Z,2010,1,2,7
PINE,11.13,N,2010-02-07T13:00:00Z,2010,1,2,7
PINE,11.05,N,2010-02-07T14:00:00Z,2010,1,2,7
PINE,11.04,N,2010-02-07T15:00:00Z,2010,1,2,7
PINE,11.02,N,2010-02-07T16:00:00Z,2010,1,2,7
PINE,11.01,N,2010-02-07T17:00:00Z,2010,1,2,7
PINE,11,N,2010-02-07T18:00:00Z,2010,1,2,7
PINE,10.98,N,2010-02-07T19:00:00Z,2010,1,2,7
PINE,10.97,N,2010-02-07T20:00:00Z,2010,1,2,7
PINE,10.95,N,2010-02-07T21:00:00Z,2010,1,2,7
PINE,10.94,N,2010-02-07T22:00:00Z,2010,1,2,7
PINE,10.93,N,2010-02-07T23:00:00Z,2010,1,2,7
PINE,10.91,N,2010-02-08T00:00:00Z,2010,1,2,8
PINE,10.9,N,2010-02-08T01:00:00Z,2010,1,2,8
PINE,10.89,N,2010-02-08T02:00:00Z,2010,1,2,8
PINE,10.87,N,2010-02-08T03:00:00Z,2010,1,2,8
PINE,10.86,N,2010-02-08T04:00:00Z,2010,1,2,8
PINE,10.85,N,2010-02-08T05:00:00Z,2010,1,2,8
PINE,10.83,N,2010-02-08T06:00:00Z,2010,1,2,8
PINE,10.82,N,2010-02-08T07:00:00Z,2010,1,2,8
PINE,10.8,N,2010-02-08T08:00:00Z,2010,1,2,8
PINE,10.79,N,2010-02-08T09:00:00Z,2010,1,2,8
PINE,10.78,N,2010-02-08T10:00:00Z,2010,1,2,8
PINE,10.7,N,2010-02-08T11:00:00Z,2010,1,2,8
PINE,10.5,N,2010-02-08T12:00:00Z,2010,1,2,8
PINE,10.4,N,2010-02-08T13:00:00Z,2010,1,2,8
PINE,10.4,N,2010-02-08T14:00:00Z,2010,1,2,8
PINE,10.39,N,2010-02-08T15:00:00Z,2010,1,2,8
PINE,10.39,N,2010-02-08T16:00:00Z,2010,1,2,8
PINE,10.38,N,2010-02-08T17:00:00Z,2010,1,2,8
PINE,10.37,N,2010-02-08T18:00:00Z,2010,1,2,8
PINE,10.37,N,2010-02-08T19:00:00Z,2010,1,2,8
PINE,10.36,N,2010-02-08T20:00:00Z,2010,1,2,8
PINE,10.36,N,2010-02-08T21:00:00Z,2010,1,2,8
PINE,10.35,N,2010-02-08T22:00:00Z,2010,1,2,8
PINE,10.35,N,2010-02-08T23:00:00Z,2010,1,2,8
PINE,10.34,N,2010-02-09T00:00:00Z,2010,1,2,9
PINE,10.34,N,2010-02-09T01:00:00Z,2010,1,2,9
PINE,10.33,N,2010-02-09T02:00:00Z,2010,1,2,9
PINE,10.33,N,2010-02-09T03:00:00Z,2010,1,2,9
PINE,10.32,N,2010-02-09T04:00:00Z,2010,1,2,9
PINE,10.32,N,2010-02-09T05:00:00Z,2010,1,2,9
PINE,10.31,N,2010-02-09T06:00:00Z,2010,1,2,9
PINE,10.3,N,2010-02-09T07:00:00Z,2010,1,2,9
PINE,10.3,N,2010-02-09T08:00:00Z,2010,1,2,9
PINE,10.29,N,2010-02-09T09:00:00Z,2010,1,2,9
PINE,10.29,N,2010-02-09T10:00:00Z,2010,1,2,9
PINE,10.28,N,2010-02-09T11:00:00Z,2010,1,2,9
PINE,10.28,N,2010-02-09T12:00:00Z,2010,1,2,9
PINE,10.27,N,2010-02-09T13:00:00Z,2010,1,2,9
PINE,10.27,N,2010-02-09T14:00:00Z,2010,1,2,9
PINE,10.26,N,2010-02-09T15:00:00Z,2010,1,2,9
PINE,10.26,N,2010-02-09T16:00:00Z,2010,1,2,9
PINE,10.25,N,2010-02-09T17:00:00Z,2010,1,2,9
PINE,10.25,N,2010-02-09T18:00:00Z,2010,1,2,9
PINE,10.24,N,2010-02-09T19:00:00Z,2010,1,2,9
PINE,10.24,N,2010-02-09T20:00:00Z,2010,1,2,9
PINE,10.23,N,2010-02-09T21:00:00Z,2010,1,2,9
PINE,10.22,N,2010-02-09T22:00:00Z,2010,1,2,9
PINE,10.22,N,2010-02-09T23:00:00Z,2010,1,2,9
PINE,10.21,N,2010-02-10T00:00:00Z,2010,1,2,10
PINE,10.19,N,2010-02-10T01:00:00Z,2010,1,2,10
PINE,10.16,N,2010-02-10T02:00:00Z,2010,1,2,10
PINE,10.14,N,2010-02-10T03:00:00Z,2010,1,2,10
PINE,10.12,N,2010-02-10T04:00:00Z,2010,1,2,10
PINE,10.09,N,2010-02-10T05:00:00Z,2010,1,2,10
PINE,10.07,N,2010-02-10T06:00:00Z,2010,1,2,10
PINE,10.04,N,2010-02-10T07:00:00Z,2010,1,2,10
PINE,10.02,N,2010-02-10T08:00:00Z,2010,1,2,10
PINE,9.99,N,2010-02-10T09:00:00Z,2010,1,2,10
PINE,9.97,N,2010-02-10T10:00:00Z,2010,1,2,10
PINE,9.94,N,2010-02-10T11:00:00Z,2010,1,2,10
PINE,9.92,N,2010-02-10T12:00:00Z,2010,1,2,10
PINE,9.89,N,2010-02-10T13:00:00Z,2010,1,2,10
PINE,9.87,N,2010-02-10T14:00:00Z,2010,1,2,10
PINE,9.84,N,2010-02-10T15:00:00Z,2010,1,2,10
PINE,9.82,N,2010-02-10T16:00:00Z,2010,1,2,10
PINE,9.8,N,2010-02-10T17:00:00Z,2010,1,2,10
PINE,9.77,N,2010-02-10T18:00:00Z,2010,1,2,10
PINE,9.75,N,2010-02-10T19:00:00Z,2010,1,2,10
PINE,9.72,N,2010-02-10T20:00:00Z,2010,1,2,10
PINE,9.7,N,2010-02-10T21:00:00Z,2010,1,2,10
PINE,9.67,N,2010-02-10T22:00:00Z,2010,1,2,10
PINE,9.65,N,2010-02-10T23:00:00Z,2010,1,2,10
PINE,9.63,N,2010-02-11T00:00:00Z,2010,1,2,11
PINE,9.6,N,2010-02-11T01:00:00Z,2010,1,2,11
PINE,9.58,N,2010-02-11T02:00:00Z,2010,1,2,11
PINE,9.55,N,2010-02-11T03:00:00Z,2010,1,2,11
PINE,9.53,N,2010-02-11T04:00:00Z,2010,1,2,11
PINE,9.51,N,2010-02-11T05:00:00Z,2010,1,2,11
PINE,9.48,N,2010-02-11T06:00:00Z,2010,1,2,11
PINE,9.46,N,2010-02-11T07:00:00Z,2010,1,2,11
PINE,9.44,N,2010-02-11T08:00:00Z,2010,1,2,11
PINE,9.41,N,2010-02-11T09:00:00Z,2010,1,2,11
PINE,9.39,N,2010-02-11T10:00:00Z,2010,1,2,11
PINE,9.36,N,2010-02-11T11:00:00Z,2010,1,2,11
PINE,9.36,N,2010-02-11T12:00:00Z,2010,1,2,11
PINE,9.35,N,2010-02-11T13:00:00Z,2010,1,2,11
PINE,9.34,N,2010-02-11T14:00:00Z,2010,1,2,11
PINE,9.33,N,2010-02-11T15:00:00Z,2010,1,2,11
PINE,9.33,N,2010-02-11T16:00:00Z,2010,1,2,11
PINE,9.32,N,2010-02-11T17:00:00Z,2010,1,2,11
PINE,9.31,N,2010-02-11T18:00:00Z,2010,1,2,11
PINE,9.3,N,2010-02-11T19:00:00Z,2010,1,2,11
PINE,9.3,N,2010-02-11T20:00:00Z,2010,1,2,11
PINE,9.29,N,2010-02-11T21:00:00Z,2010,1,2,11
PINE,9.28,N,2010-02-11T22:00:00Z,2010,1,2,11
PINE,9.27,N,2010-02-11T23:00:00Z,2010,1,2,11
PINE,9.27,N,2010-02-12T00:00:00Z,2010,1,2,12
PINE,9.26,N,2010-02-12T01:00:00Z,2010,1,2,12
PINE,9.25,N,2010-02-12T02:00:00Z,2010,1,2,12
PINE,9.24,N,2010-02-12T03:00:00Z,2010,1,2,12
PINE,9.23,N,2010-02-12T04:00:00Z,2010,1,2,12
PINE,9.23,N,2010-02-12T05:00:00Z,2010,1,2,12
PINE,9.22,N,2010-02-12T06:00:00Z,2010,1,2,12
PINE,9.21,N,2010-02-12T07:00:00Z,2010,1,2,12
PINE,9.2,N,2010-02-12T08:00:00Z,2010,1,2,12
PINE,9.2,N,2010-02-12T09:00:00Z,2010,1,2,12
PINE,9.19,N,2010-02-12T10:00:00Z,2010,1,2,12
PINE,9.18,N,2010-02-12T11:00:00Z,2010,1,2,12
PINE,9.18,N,2010-02-12T12:00:00Z,2010,1,2,12
PINE,9.17,N,2010-02-12T13:00:00Z,2010,1,2,12
PINE,9.16,N,2010-02-12T14:00:00Z,2010,1,2,12
PINE,9.16,N,2010-02-12T15:00:00Z,2010,1,2,12
PINE,9.15,N,2010-02-12T16:00:00Z,2010,1,2,12
PINE,9.15,N,2010-02-12T17:00:00Z,2010,1,2,12
PINE,9.14,N,2010-02-12T18:00:00Z,2010,1,2,12
PINE,9.13,N,2010-02-12T19:00:00Z,2010,1,2,12
PINE,9.13,N,2010-02-12T20:00:00Z,2010,1,2,12
PINE,9.12,N,2010-02-12T21:00:00Z,2010,1,2,12
PINE,9.11,N,2010-02-12T22:00:00Z,2010,1,2,12
PINE,9.11,N,2010-02-12T23:00:00Z,2010,1,2,12
PINE,9.1,N,2010-02-13T00:00:00Z,2010,1,2,13
PINE,9.1,N,2010-02-13T01:00:00Z,2010,1,2,13
PINE,9.09,N,2010-02-13T02:00:00Z,2010,1,2,13
PINE,9.08,N,2010-02-13T03:00:00Z,2010,1,2,13
PINE,9.08,N,2010-02-13T04:00:00Z,2010,1,2,13
PINE,9.07,N,2010-02-13T05:00:00Z,2010,1,2,13
PINE,9.06,N,2010-02-13T06:00:00Z,2010,1,2,13
PINE,9.05,N,2010-02-13T07:00:00Z,2010,1,2,13
PINE,9.04,N,2010-02-13T08:00:00Z,2010,1,2,13
PINE,9.04,N,2010-02-13T09:00:00Z,2010,1,2,13
PINE,9.03,N,2010-02-13T10:00:00Z,2010,1,2,13
PINE,9.02,N,2010-02-13T11:00:00Z,2010,1,2,13
PINE,9.01,N,2010-02-13T12:00:00Z,2010,1,2,13
PINE,9,N,2010-02-13T13:00:00Z,2010,1,2,13
PINE,8.99,N,2010-02-13T14:00:00Z,2010,1,2,13
PINE,8.98,N,2010-02-13T15:00:00Z,2010,1,2,13
PINE,8.97,N,2010-02-13T16:00:00Z,2010,1,2,13
PINE,8.96,N,2010-02-13T17:00:00Z,2010,1,2,13
PINE,8.95,N,2010-02-13T18:00:00Z,2010,1,2,13
PINE,8.94,N,2010-02-13T19:00:00Z,2010,1,2,13
PINE,8.93,N,2010-02-13T20:00:00Z,2010,1,2,13
PINE,8.92,N,2010-02-13T21:00:00Z,2010,1,2,13
PINE,8.92,N,2010-02-13T22:00:00Z,2010,1,2,13
PINE,8.91,N,2010-02-13T23:00:00Z,2010,1,2,13
PINE,8.9,N,2010-02-14T00:00:00Z,2010,1,2,14
PINE,8.89,N,2010-02-14T01:00:00Z,2010,1,2,14
PINE,8.88,N,2010-02-14T02:00:00Z,2010,1,2,14
PINE,8.87,N,2010-02-14T03:00:00Z,2010,1,2,14
PINE,8.86,N,2010-02-14T04:00:00Z,2010,1,2,14
PINE,8.85,N,2010-02-14T05:00:00Z,2010,1,2,14
PINE,8.84,N,2010-02-14T06:00:00Z,2010,1,2,14
PINE,8.83,N,2010-02-14T07:00:00Z,2010,1,2,14
PINE,8.82,N,2010-02-14T08:00:00Z,2010,1,2,14
PINE,8.81,N,2010-02-14T09:00:00Z,2010,1,2,14
PINE,8.81,N,2010-02-14T10:00:00Z,2010,1,2,14
PINE,8.8,N,2010-02-14T11:00:00Z,2010,1,2,14
PINE,8.79,N,2010-02-14T12:00:00Z,2010,1,2,14
PINE,8.78,N,2010-02-14T13:00:00Z,2010,1,2,14
PINE,8.77,N,2010-02-14T14:00:00Z,2010,1,2,14
PINE,8.76,N,2010-02-14T15:00:00Z,2010,1,2,14
PINE,8.75,N,2010-02-14T16:00:00Z,2010,1,2,14
PINE,8.74,N,2010-02-14T17:00:00Z,2010,1,2,14
PINE,8.73,N,2010-02-14T18:00:00Z,2010,1,2,14
PINE,8.72,N,2010-02-14T19:00:00Z,2010,1,2,14
PINE,8.71,N,2010-02-14T20:00:00Z,2010,1,2,14
PINE,8.71,N,2010-02-14T21:00:00Z,2010,1,2,14
PINE,8.7,N,2010-02-14T22:00:00Z,2010,1,2,14
PINE,8.69,N,2010-02-14T23:00:00Z,2010,1,2,14
PINE,8.68,N,2010-02-15T00:00:00Z,2010,1,2,15
PINE,8.67,N,2010-02-15T01:00:00Z,2010,1,2,15
PINE,8.66,N,2010-02-15T02:00:00Z,2010,1,2,15
PINE,8.65,N,2010-02-15T03:00:00Z,2010,1,2,15
PINE,8.64,N,2010-02-15T04:00:00Z,2010,1,2,15
PINE,8.63,N,2010-02-15T05:00:00Z,2010,1,2,15
PINE,8.63,N,2010-02-15T06:00:00Z,2010,1,2,15
PINE,8.62,N,2010-02-15T07:00:00Z,2010,1,2,15
PINE,8.61,N,2010-02-15T08:00:00Z,2010,1,2,15
PINE,8.6,N,2010-02-15T09:00:00Z,2010,1,2,15
PINE,8.59,N,2010-02-15T10:00:00Z,2010,1,2,15
PINE,8.58,N,2010-02-15T11:00:00Z,2010,1,2,15
PINE,8.57,N,2010-02-15T12:00:00Z,2010,1,2,15
PINE,8.56,N,2010-02-15T13:00:00Z,2010,1,2,15
PINE,8.55,N,2010-02-15T14:00:00Z,2010,1,2,15
PINE,8.54,N,2010-02-15T15:00:00Z,2010,1,2,15
PINE,8.53,N,2010-02-15T16:00:00Z,2010,1,2,15
PINE,8.52,N,2010-02-15T17:00:00Z,2010,1,2,15
PINE,8.51,N,2010-02-15T18:00:00Z,2010,1,2,15
PINE,8.5,N,2010-02-15T19:00:00Z,2010,1,2,15
PINE,8.49,N,2010-02-15T20:00:00Z,2010,1,2,15
PINE,8.48,N,2010-02-15T21:00:00Z,2010,1,2,15
PINE,8.47,N,2010-02-15T22:00:00Z,2010,1,2,15
PINE,8.46,N,2010-02-15T23:00:00Z,2010,1,2,15
PINE,8.45,N,2010-02-16T00:00:00Z,2010,1,2,16
PINE,8.44,N,2010-02-16T01:00:00Z,2010,1,2,16
PINE,8.43,N,2010-02-16T02:00:00Z,2010,1,2,16
PINE,8.42,N,2010-02-16T03:00:00Z,2010,1,2,16
PINE,8.41,N,2010-02-16T04:00:00Z,2010,1,2,16
PINE,8.4,N,2010-02-16T05:00:00Z,2010,1,2,16
PINE,8.39,N,2010-02-16T06:00:00Z,2010,1,2,16
PINE,8.38,N,2010-02-16T07:00:00Z,2010,1,2,16
PINE,8.37,N,2010-02-16T08:00:00Z,2010,1,2,16
PINE,8.36,N,2010-02-16T09:00:00Z,2010,1,2,16
PINE,8.35,N,2010-02-16T10:00:00Z,2010,1,2,16
PINE,8.34,N,2010-02-16T11:00:00Z,2010,1,2,16
PINE,8.32,N,2010-02-16T12:00:00Z,2010,1,2,16
PINE,8.31,N,2010-02-16T13:00:00Z,2010,1,2,16
PINE,8.3,N,2010-02-16T14:00:00Z,2010,1,2,16
PINE,8.29,N,2010-02-16T15:00:00Z,2010,1,2,16
PINE,8.28,N,2010-02-16T16:00:00Z,2010,1,2,16
PINE,8.27,N,2010-02-16T17:00:00Z,2010,1,2,16
PINE,8.26,N,2010-02-16T18:00:00Z,2010,1,2,16
PINE,8.25,N,2010-02-16T19:00:00Z,2010,1,2,16
PINE,8.24,N,2010-02-16T20:00:00Z,2010,1,2,16
PINE,8.23,N,2010-02-16T21:00:00Z,2010,1,2,16
PINE,8.22,N,2010-02-16T22:00:00Z,2010,1,2,16
PINE,8.21,N,2010-02-16T23:00:00Z,2010,1,2,16
PINE,8.2,N,2010-02-17T00:00:00Z,2010,1,2,17
PINE,8.19,N,2010-02-17T01:00:00Z,2010,1,2,17
PINE,8.18,N,2010-02-17T02:00:00Z,2010,1,2,17
PINE,8.17,N,2010-02-17T03:00:00Z,2010,1,2,17
PINE,8.16,N,2010-02-17T04:00:00Z,2010,1,2,17
PINE,8.15,N,2010-02-17T05:00:00Z,2010,1,2,17
PINE,8.14,N,2010-02-17T06:00:00Z,2010,1,2,17
PINE,8.13,N,2010-02-17T07:00:00Z,2010,1,2,17
PINE,8.12,N,2010-02-17T08:00:00Z,2010,1,2,17
PINE,8.11,N,2010-02-17T09:00:00Z,2010,1,2,17
PINE,8.1,N,2010-02-17T10:00:00Z,2010,1,2,17
PINE,8.09,N,2010-02-17T11:00:00Z,2010,1,2,17
PINE,8.09,N,2010-02-17T12:00:00Z,2010,1,2,17
PINE,8.08,N,2010-02-17T13:00:00Z,2010,1,2,17
PINE,8.07,N,2010-02-17T14:00:00Z,2010,1,2,17
PINE,8.06,N,2010-02-17T15:00:00Z,2010,1,2,17
PINE,8.05,N,2010-02-17T16:00:00Z,2010,1,2,17
PINE,8.04,N,2010-02-17T17:00:00Z,2010,1,2,17
PINE,8.03,N,2010-02-17T18:00:00Z,2010,1,2,17
PINE,8.02,N,2010-02-17T19:00:00Z,2010,1,2,17
PINE,8.01,N,2010-02-17T20:00:00Z,2010,1,2,17
PINE,8,N,2010-02-17T21:00:00Z,2010,1,2,17
PINE,7.99,N,2010-02-17T22:00:00Z,2010,1,2,17
PINE,7.98,N,2010-02-17T23:00:00Z,2010,1,2,17
PINE,7.97,N,2010-02-18T00:00:00Z,2010,1,2,18
PINE,7.96,N,2010-02-18T01:00:00Z,2010,1,2,18
PINE,7.95,N,2010-02-18T02:00:00Z,2010,1,2,18
PINE,7.94,N,2010-02-18T03:00:00Z,2010,1,2,18
PINE,7.93,N,2010-02-18T04:00:00Z,2010,1,2,18
PINE,7.92,N,2010-02-18T05:00:00Z,2010,1,2,18
PINE,7.91,N,2010-02-18T06:00:00Z,2010,1,2,18
PINE,7.9,N,2010-02-18T07:00:00Z,2010,1,2,18
PINE,7.89,N,2010-02-18T08:00:00Z,2010,1,2,18
PINE,7.88,N,2010-02-18T09:00:00Z,2010,1,2,18
PINE,7.87,N,2010-02-18T10:00:00Z,2010,1,2,18
PINE,7.88,N,2010-02-18T11:00:00Z,2010,1,2,18
PINE,7.9,N,2010-02-18T12:00:00Z,2010,1,2,18
PINE,7.92,N,2010-02-18T13:00:00Z,2010,1,2,18
PINE,7.94,N,2010-02-18T14:00:00Z,2010,1,2,18
PINE,7.96,N,2010-02-18T15:00:00Z,2010,1,2,18
PINE,7.99,N,2010-02-18T16:00:00Z,2010,1,2,18
PINE,8.01,N,2010-02-18T17:00:00Z,2010,1,2,18
PINE,8.04,N,2010-02-18T18:00:00Z,2010,1,2,18
PINE,8.06,N,2010-02-18T19:00:00Z,2010,1,2,18
PINE,8.09,N,2010-02-18T20:00:00Z,2010,1,2,18
PINE,8.12,N,2010-02-18T21:00:00Z,2010,1,2,18
PINE,8.14,N,2010-02-18T22:00:00Z,2010,1,2,18
PINE,8.15,N,2010-02-18T23:00:00Z,2010,1,2,18
PINE,8.14,N,2010-02-19T00:00:00Z,2010,1,2,19
PINE,8.14,N,2010-02-19T01:00:00Z,2010,1,2,19
PINE,8.13,N,2010-02-19T02:00:00Z,2010,1,2,19
PINE,8.12,N,2010-02-19T03:00:00Z,2010,1,2,19
PINE,8.12,N,2010-02-19T04:00:00Z,2010,1,2,19
PINE,8.11,N,2010-02-19T05:00:00Z,2010,1,2,19
PINE,8.1,N,2010-02-19T06:00:00Z,2010,1,2,19
PINE,8.1,N,2010-02-19T07:00:00Z,2010,1,2,19
PINE,8.09,N,2010-02-19T08:00:00Z,2010,1,2,19
PINE,8.08,N,2010-02-19T09:00:00Z,2010,1,2,19
PINE,8.08,N,2010-02-19T10:00:00Z,2010,1,2,19
PINE,8.07,N,2010-02-19T11:00:00Z,2010,1,2,19
PINE,8.06,N,2010-02-19T12:00:00Z,2010,1,2,19
PINE,8.09,N,2010-02-19T13:00:00Z,2010,1,2,19
PINE,8.14,N,2010-02-19T14:00:00Z,2010,1,2,19
PINE,8.19,N,2010-02-19T15:00:00Z,2010,1,2,19
PINE,8.24,N,2010-02-19T16:00:00Z,2010,1,2,19
PINE,8.29,N,2010-02-19T17:00:00Z,2010,1,2,19
PINE,8.34,N,2010-02-19T18:00:00Z,2010,1,2,19
PINE,8.4,N,2010-02-19T19:00:00Z,2010,1,2,19
PINE,8.42,N,2010-02-19T20:00:00Z,2010,1,2,19
PINE,8.42,N,2010-02-19T21:00:00Z,2010,1,2,19
PINE,8.43,N,2010-02-19T22:00:00Z,2010,1,2,19
PINE,8.43,N,2010-02-19T23:00:00Z,2010,1,2,19
PINE,8.43,N,2010-02-20T00:00:00Z,2010,1,2,20
PINE,8.43,N,2010-02-20T01:00:00Z,2010,1,2,20
PINE,8.43,N,2010-02-20T02:00:00Z,2010,1,2,20
PINE,8.43,N,2010-02-20T03:00:00Z,2010,1,2,20
PINE,8.44,N,2010-02-20T04:00:00Z,2010,1,2,20
PINE,8.44,N,2010-02-20T05:00:00Z,2010,1,2,20
PINE,8.44,N,2010-02-20T06:00:00Z,2010,1,2,20
PINE,8.44,N,2010-02-20T07:00:00Z,2010,1,2,20
PINE,8.44,N,2010-02-20T08:00:00Z,2010,1,2,20
PINE,8.44,N,2010-02-20T09:00:00Z,2010,1,2,20
PINE,8.44,N,2010-02-20T10:00:00Z,2010,1,2,20
PINE,8.44,N,2010-02-20T11:00:00Z,2010,1,2,20
PINE,8.44,N,2010-02-20T12:00:00Z,2010,1,2,20
PINE,8.44,N,2010-02-20T13:00:00Z,2010,1,2,20
PINE,8.44,N,2010-02-20T14:00:00Z,2010,1,2,20
PINE,8.44,N,2010-02-20T15:00:00Z,2010,1,2,20
PINE,8.44,N,2010-02-20T16:00:00Z,2010,1,2,20
PINE,8.44,N,2010-02-20T17:00:00Z,2010,1,2,20
PINE,8.44,N,2010-02-20T18:00:00Z,2010,1,2,20
PINE,8.45,N,2010-02-20T19:00:00Z,2010,1,2,20
PINE,8.45,N,2010-02-20T20:00:00Z,2010,1,2,20
PINE,8.43,N,2010-02-20T21:00:00Z,2010,1,2,20
PINE,8.42,N,2010-02-20T22:00:00Z,2010,1,2,20
PINE,8.4,N,2010-02-20T23:00:00Z,2010,1,2,20
PINE,8.38,N,2010-02-21T00:00:00Z,2010,1,2,21
PINE,8.36,N,2010-02-21T01:00:00Z,2010,1,2,21
PINE,8.34,N,2010-02-21T02:00:00Z,2010,1,2,21
PINE,8.32,N,2010-02-21T03:00:00Z,2010,1,2,21
PINE,8.3,N,2010-02-21T04:00:00Z,2010,1,2,21
PINE,8.29,N,2010-02-21T05:00:00Z,2010,1,2,21
PINE,8.27,N,2010-02-21T06:00:00Z,2010,1,2,21
PINE,8.25,N,2010-02-21T07:00:00Z,2010,1,2,21
PINE,8.23,N,2010-02-21T08:00:00Z,2010,1,2,21
PINE,8.21,N,2010-02-21T09:00:00Z,2010,1,2,21
PINE,8.19,N,2010-02-21T10:00:00Z,2010,1,2,21
PINE,8.18,N,2010-02-21T11:00:00Z,2010,1,2,21
PINE,8.19,N,2010-02-21T12:00:00Z,2010,1,2,21
PINE,8.3,N,2010-02-21T13:00:00Z,2010,1,2,21
PINE,8.46,N,2010-02-21T14:00:00Z,2010,1,2,21
PINE,8.62,N,2010-02-21T15:00:00Z,2010,1,2,21
PINE,8.78,N,2010-02-21T16:00:00Z,2010,1,2,21
PINE,8.95,N,2010-02-21T17:00:00Z,2010,1,2,21
PINE,9.12,N,2010-02-21T18:00:00Z,2010,1,2,21
PINE,9.29,N,2010-02-21T19:00:00Z,2010,1,2,21
PINE,9.45,N,2010-02-21T20:00:00Z,2010,1,2,21
PINE,9.61,N,2010-02-21T21:00:00Z,2010,1,2,21
PINE,9.75,N,2010-02-21T22:00:00Z,2010,1,2,21
PINE,9.87,N,2010-02-21T23:00:00Z,2010,1,2,21
PINE,9.93,N,2010-02-22T00:00:00Z,2010,1,2,22
PINE,9.93,N,2010-02-22T01:00:00Z,2010,1,2,22
PINE,9.92,N,2010-02-22T02:00:00Z,2010,1,2,22
PINE,9.92,N,2010-02-22T03:00:00Z,2010,1,2,22
PINE,9.93,N,2010-02-22T04:00:00Z,2010,1,2,22
PINE,9.93,N,2010-02-22T05:00:00Z,2010,1,2,22
PINE,9.94,N,2010-02-22T06:00:00Z,2010,1,2,22
PINE,9.94,N,2010-02-22T07:00:00Z,2010,1,2,22
PINE,9.95,N,2010-02-22T08:00:00Z,2010,1,2,22
PINE,9.95,N,2010-02-22T09:00:00Z,2010,1,2,22
PINE,9.96,N,2010-02-22T10:00:00Z,2010,1,2,22
PINE,9.96,N,2010-02-22T11:00:00Z,2010,1,2,22
PINE,9.97,N,2010-02-22T12:00:00Z,2010,1,2,22
PINE,9.97,N,2010-02-22T13:00:00Z,2010,1,2,22
PINE,9.98,N,2010-02-22T14:00:00Z,2010,1,2,22
PINE,9.98,N,2010-02-22T15:00:00Z,2010,1,2,22
PINE,10.02,N,2010-02-22T16:00:00Z,2010,1,2,22
PINE,10.1,N,2010-02-22T17:00:00Z,2010,1,2,22
PINE,10.17,N,2010-02-22T18:00:00Z,2010,1,2,22
PINE,10.25,N,2010-02-22T19:00:00Z,2010,1,2,22
PINE,10.33,N,2010-02-22T20:00:00Z,2010,1,2,22
PINE,10.39,N,2010-02-22T21:00:00Z,2010,1,2,22
PINE,10.42,N,2010-02-22T22:00:00Z,2010,1,2,22
PINE,10.44,N,2010-02-22T23:00:00Z,2010,1,2,22
PINE,10.46,N,2010-02-23T00:00:00Z,2010,1,2,23
PINE,10.48,N,2010-02-23T01:00:00Z,2010,1,2,23
PINE,10.5,N,2010-02-23T02:00:00Z,2010,1,2,23
PINE,10.52,N,2010-02-23T03:00:00Z,2010,1,2,23
PINE,10.54,N,2010-02-23T04:00:00Z,2010,1,2,23
PINE,10.56,N,2010-02-23T05:00:00Z,2010,1,2,23
PINE,10.58,N,2010-02-23T06:00:00Z,2010,1,2,23
PINE,10.6,N,2010-02-23T07:00:00Z,2010,1,2,23
PINE,10.63,N,2010-02-23T08:00:00Z,2010,1,2,23
PINE,10.65,N,2010-02-23T09:00:00Z,2010,1,2,23
PINE,10.66,N,2010-02-23T10:00:00Z,2010,1,2,23
PINE,10.67,N,2010-02-23T11:00:00Z,2010,1,2,23
PINE,10.67,N,2010-02-23T12:00:00Z,2010,1,2,23
PINE,10.67,N,2010-02-23T13:00:00Z,2010,1,2,23
PINE,10.99,N,2010-02-23T14:00:00Z,2010,1,2,23
PINE,11.33,N,2010-02-23T15:00:00Z,2010,1,2,23
PINE,11.67,N,2010-02-23T16:00:00Z,2010,1,2,23
PINE,12.38,N,2010-02-23T17:00:00Z,2010,1,2,23
PINE,12.75,N,2010-02-23T18:00:00Z,2010,1,2,23
PINE,13.13,N,2010-02-23T19:00:00Z,2010,1,2,23
PINE,13.92,N,2010-02-23T20:00:00Z,2010,1,2,23
PINE,14.33,N,2010-02-23T21:00:00Z,2010,1,2,23
PINE,14.33,N,2010-02-23T22:00:00Z,2010,1,2,23
PINE,14.33,N,2010-02-23T23:00:00Z,2010,1,2,23
PINE,14.33,N,2010-02-24T00:00:00Z,2010,1,2,24
PINE,14.33,N,2010-02-24T01:00:00Z,2010,1,2,24
PINE,14.33,N,2010-02-24T02:00:00Z,2010,1,2,24
PINE,14.33,N,2010-02-24T03:00:00Z,2010,1,2,24
PINE,14.33,N,2010-02-24T04:00:00Z,2010,1,2,24
PINE,14.33,N,2010-02-24T05:00:00Z,2010,1,2,24
PINE,14.33,N,2010-02-24T06:00:00Z,2010,1,2,24
PINE,13.92,N,2010-02-24T07:00:00Z,2010,1,2,24
PINE,13.92,N,2010-02-24T08:00:00Z,2010,1,2,24
PINE,13.92,N,2010-02-24T09:00:00Z,2010,1,2,24
PINE,13.92,N,2010-02-24T10:00:00Z,2010,1,2,24
PINE,13.52,N,2010-02-24T11:00:00Z,2010,1,2,24
PINE,13.52,N,2010-02-24T12:00:00Z,2010,1,2,24
PINE,13.52,N,2010-02-24T13:00:00Z,2010,1,2,24
PINE,13.52,N,2010-02-24T14:00:00Z,2010,1,2,24
PINE,13.13,N,2010-02-24T15:00:00Z,2010,1,2,24
PINE,13.13,N,2010-02-24T16:00:00Z,2010,1,2,24
PINE,13.13,N,2010-02-24T17:00:00Z,2010,1,2,24
PINE,13.13,N,2010-02-24T18:00:00Z,2010,1,2,24
PINE,13.13,N,2010-02-24T19:00:00Z,2010,1,2,24
PINE,13.13,N,2010-02-24T20:00:00Z,2010,1,2,24
PINE,13.13,N,2010-02-24T21:00:00Z,2010,1,2,24
PINE,13.13,N,2010-02-24T22:00:00Z,2010,1,2,24
PINE,13.13,N,2010-02-24T23:00:00Z,2010,1,2,24
PINE,12.75,N,2010-02-25T00:00:00Z,2010,1,2,25
PINE,12.75,N,2010-02-25T01:00:00Z,2010,1,2,25
PINE,12.75,N,2010-02-25T02:00:00Z,2010,1,2,25
PINE,12.75,N,2010-02-25T03:00:00Z,2010,1,2,25
PINE,12.75,N,2010-02-25T04:00:00Z,2010,1,2,25
PINE,12.75,N,2010-02-25T05:00:00Z,2010,1,2,25
PINE,12.38,N,2010-02-25T06:00:00Z,2010,1,2,25
PINE,12.38,N,2010-02-25T07:00:00Z,2010,1,2,25
PINE,12.38,N,2010-02-25T08:00:00Z,2010,1,2,25
PINE,12.38,N,2010-02-25T09:00:00Z,2010,1,2,25
PINE,12.02,N,2010-02-25T10:00:00Z,2010,1,2,25
PINE,12.02,N,2010-02-25T11:00:00Z,2010,1,2,25
PINE,12.02,N,2010-02-25T12:00:00Z,2010,1,2,25
PINE,12.02,N,2010-02-25T13:00:00Z,2010,1,2,25
PINE,12.02,N,2010-02-25T14:00:00Z,2010,1,2,25
PINE,12.02,N,2010-02-25T15:00:00Z,2010,1,2,25
PINE,12.02,N,2010-02-25T16:00:00Z,2010,1,2,25
PINE,12.02,N,2010-02-25T17:00:00Z,2010,1,2,25
PINE,11.67,N,2010-02-25T18:00:00Z,2010,1,2,25
PINE,11.67,N,2010-02-25T19:00:00Z,2010,1,2,25
PINE,11.67,N,2010-02-25T20:00:00Z,2010,1,2,25
PINE,11.67,N,2010-02-25T21:00:00Z,2010,1,2,25
PINE,11.67,N,2010-02-25T22:00:00Z,2010,1,2,25
PINE,11.67,N,2010-02-25T23:00:00Z,2010,1,2,25
PINE,11.67,N,2010-02-26T00:00:00Z,2010,1,2,26
PINE,11.33,N,2010-02-26T01:00:00Z,2010,1,2,26
PINE,11.33,N,2010-02-26T02:00:00Z,2010,1,2,26
PINE,11.33,N,2010-02-26T03:00:00Z,2010,1,2,26
PINE,11.33,N,2010-02-26T04:00:00Z,2010,1,2,26
PINE,11.33,N,2010-02-26T05:00:00Z,2010,1,2,26
PINE,11.33,N,2010-02-26T06:00:00Z,2010,1,2,26
PINE,10.99,N,2010-02-26T07:00:00Z,2010,1,2,26
PINE,10.99,N,2010-02-26T08:00:00Z,2010,1,2,26
PINE,10.99,N,2010-02-26T09:00:00Z,2010,1,2,26
PINE,10.99,N,2010-02-26T10:00:00Z,2010,1,2,26
PINE,10.99,N,2010-02-26T11:00:00Z,2010,1,2,26
PINE,10.99,N,2010-02-26T12:00:00Z,2010,1,2,26
PINE,10.99,N,2010-02-26T13:00:00Z,2010,1,2,26
PINE,10.99,N,2010-02-26T14:00:00Z,2010,1,2,26
PINE,10.99,N,2010-02-26T15:00:00Z,2010,1,2,26
PINE,10.99,N,2010-02-26T16:00:00Z,2010,1,2,26
PINE,10.99,N,2010-02-26T17:00:00Z,2010,1,2,26
PINE,10.67,N,2010-02-26T18:00:00Z,2010,1,2,26
PINE,10.67,N,2010-02-26T19:00:00Z,2010,1,2,26
PINE,10.67,N,2010-02-26T20:00:00Z,2010,1,2,26
PINE,10.67,N,2010-02-26T21:00:00Z,2010,1,2,26
PINE,10.67,N,2010-02-26T22:00:00Z,2010,1,2,26
PINE,10.67,N,2010-02-26T23:00:00Z,2010,1,2,26
PINE,10.67,N,2010-02-27T00:00:00Z,2010,1,2,27
PINE,10.67,N,2010-02-27T01:00:00Z,2010,1,2,27
PINE,10.35,N,2010-02-27T02:00:00Z,2010,1,2,27
PINE,10.35,N,2010-02-27T03:00:00Z,2010,1,2,27
PINE,10.35,N,2010-02-27T04:00:00Z,2010,1,2,27
PINE,10.35,N,2010-02-27T05:00:00Z,2010,1,2,27
PINE,10.35,N,2010-02-27T06:00:00Z,2010,1,2,27
PINE,10.35,N,2010-02-27T07:00:00Z,2010,1,2,27
PINE,10.04,N,2010-02-27T08:00:00Z,2010,1,2,27
PINE,10.04,N,2010-02-27T09:00:00Z,2010,1,2,27
PINE,10.04,N,2010-02-27T10:00:00Z,2010,1,2,27
PINE,10.04,N,2010-02-27T11:00:00Z,2010,1,2,27
PINE,10.04,N,2010-02-27T12:00:00Z,2010,1,2,27
PINE,10.04,N,2010-02-27T13:00:00Z,2010,1,2,27
PINE,10.04,N,2010-02-27T14:00:00Z,2010,1,2,27
PINE,10.04,N,2010-02-27T15:00:00Z,2010,1,2,27
PINE,10.04,N,2010-02-27T16:00:00Z,2010,1,2,27
PINE,10.04,N,2010-02-27T17:00:00Z,2010,1,2,27
PINE,10.04,N,2010-02-27T18:00:00Z,2010,1,2,27
PINE,10.04,N,2010-02-27T19:00:00Z,2010,1,2,27
PINE,10.04,N,2010-02-27T20:00:00Z,2010,1,2,27
PINE,10.04,N,2010-02-27T21:00:00Z,2010,1,2,27
PINE,10.04,N,2010-02-27T22:00:00Z,2010,1,2,27
PINE,10.04,N,2010-02-27T23:00:00Z,2010,1,2,27
PINE,10.04,N,2010-02-28T00:00:00Z,2010,1,2,28
PINE,10.04,N,2010-02-28T01:00:00Z,2010,1,2,28
PINE,10.04,N,2010-02-28T02:00:00Z,2010,1,2,28
PINE,9.74,N,2010-02-28T03:00:00Z,2010,1,2,28
PINE,9.74,N,2010-02-28T04:00:00Z,2010,1,2,28
PINE,9.74,N,2010-02-28T05:00:00Z,2010,1,2,28
PINE,9.74,N,2010-02-28T06:00:00Z,2010,1,2,28
PINE,9.74,N,2010-02-28T07:00:00Z,2010,1,2,28
PINE,9.74,N,2010-02-28T08:00:00Z,2010,1,2,28
PINE,9.74,N,2010-02-28T09:00:00Z,2010,1,2,28
PINE,9.74,N,2010-02-28T10:00:00Z,2010,1,2,28
PINE,9.74,N,2010-02-28T11:00:00Z,2010,1,2,28
PINE,9.74,N,2010-02-28T12:00:00Z,2010,1,2,28
PINE,9.74,N,2010-02-28T13:00:00Z,2010,1,2,28
PINE,9.74,N,2010-02-28T14:00:00Z,2010,1,2,28
PINE,9.74,N,2010-02-28T15:00:00Z,2010,1,2,28
PINE,9.74,N,2010-02-28T16:00:00Z,2010,1,2,28
PINE,9.74,N,2010-02-28T17:00:00Z,2010,1,2,28
PINE,9.74,N,2010-02-28T18:00:00Z,2010,1,2,28
PINE,9.74,N,2010-02-28T19:00:00Z,2010,1,2,28
PINE,9.74,N,2010-02-28T20:00:00Z,2010,1,2,28
PINE,9.74,N,2010-02-28T21:00:00Z,2010,1,2,28
PINE,9.74,N,2010-02-28T22:00:00Z,2010,1,2,28
PINE,9.74,N,2010-02-28T23:00:00Z,2010,1,2,28
PINE,9.74,N,2010-03-01T00:00:00Z,2010,1,3,1
PINE,9.74,N,2010-03-01T01:00:00Z,2010,1,3,1
PINE,9.45,N,2010-03-01T02:00:00Z,2010,1,3,1
PINE,9.45,N,2010-03-01T03:00:00Z,2010,1,3,1
PINE,9.45,N,2010-03-01T04:00:00Z,2010,1,3,1
PINE,9.45,N,2010-03-01T05:00:00Z,2010,1,3,1
PINE,9.45,N,2010-03-01T06:00:00Z,2010,1,3,1
PINE,9.45,N,2010-03-01T07:00:00Z,2010,1,3,1
PINE,9.45,N,2010-03-01T08:00:00Z,2010,1,3,1
PINE,9.45,N,2010-03-01T09:00:00Z,2010,1,3,1
PINE,9.45,N,2010-03-01T10:00:00Z,2010,1,3,1
PINE,9.16,N,2010-03-01T11:00:00Z,2010,1,3,1
PINE,9.16,N,2010-03-01T12:00:00Z,2010,1,3,1
PINE,9.16,N,2010-03-01T13:00:00Z,2010,1,3,1
PINE,9.16,N,2010-03-01T14:00:00Z,2010,1,3,1
PINE,9.16,N,2010-03-01T15:00:00Z,2010,1,3,1
PINE,9.16,N,2010-03-01T16:00:00Z,2010,1,3,1
PINE,9.45,N,2010-03-01T17:00:00Z,2010,1,3,1
PINE,9.45,N,2010-03-01T18:00:00Z,2010,1,3,1
PINE,9.45,N,2010-03-01T19:00:00Z,2010,1,3,1
PINE,9.45,N,2010-03-01T20:00:00Z,2010,1,3,1
PINE,9.45,N,2010-03-01T21:00:00Z,2010,1,3,1
PINE,9.74,N,2010-03-01T22:00:00Z,2010,1,3,1
PINE,9.74,N,2010-03-01T23:00:00Z,2010,1,3,1
PINE,9.74,N,2010-03-02T00:00:00Z,2010,1,3,2
PINE,9.74,N,2010-03-02T01:00:00Z,2010,1,3,2
PINE,9.74,N,2010-03-02T02:00:00Z,2010,1,3,2
PINE,9.74,N,2010-03-02T03:00:00Z,2010,1,3,2
PINE,9.74,N,2010-03-02T04:00:00Z,2010,1,3,2
PINE,9.74,N,2010-03-02T05:00:00Z,2010,1,3,2
PINE,9.74,N,2010-03-02T06:00:00Z,2010,1,3,2
PINE,9.74,N,2010-03-02T07:00:00Z,2010,1,3,2
PINE,9.74,N,2010-03-02T08:00:00Z,2010,1,3,2
PINE,9.74,N,2010-03-02T09:00:00Z,2010,1,3,2
PINE,9.74,N,2010-03-02T10:00:00Z,2010,1,3,2
PINE,9.74,N,2010-03-02T11:00:00Z,2010,1,3,2
PINE,9.74,N,2010-03-02T12:00:00Z,2010,1,3,2
PINE,9.74,N,2010-03-02T13:00:00Z,2010,1,3,2
PINE,9.74,N,2010-03-02T14:00:00Z,2010,1,3,2
PINE,9.74,N,2010-03-02T15:00:00Z,2010,1,3,2
PINE,9.74,N,2010-03-02T16:00:00Z,2010,1,3,2
PINE,9.74,N,2010-03-02T17:00:00Z,2010,1,3,2
PINE,9.74,N,2010-03-02T18:00:00Z,2010,1,3,2
PINE,9.74,N,2010-03-02T19:00:00Z,2010,1,3,2
PINE,9.74,N,2010-03-02T20:00:00Z,2010,1,3,2
PINE,9.74,N,2010-03-02T21:00:00Z,2010,1,3,2
PINE,9.74,N,2010-03-02T22:00:00Z,2010,1,3,2
PINE,9.74,N,2010-03-02T23:00:00Z,2010,1,3,2
PINE,8.23,N,2010-03-03T00:00:00Z,2010,1,3,3
PINE,8.23,N,2010-03-03T01:00:00Z,2010,1,3,3
PINE,8.23,N,2010-03-03T02:00:00Z,2010,1,3,3
PINE,8.23,N,2010-03-03T03:00:00Z,2010,1,3,3
PINE,8.23,N,2010-03-03T04:00:00Z,2010,1,3,3
PINE,8.23,N,2010-03-03T05:00:00Z,2010,1,3,3
PINE,8.23,N,2010-03-03T06:00:00Z,2010,1,3,3
PINE,8.23,N,2010-03-03T07:00:00Z,2010,1,3,3
PINE,8.23,N,2010-03-03T08:00:00Z,2010,1,3,3
PINE,8.23,N,2010-03-03T09:00:00Z,2010,1,3,3
PINE,8.23,N,2010-03-03T10:00:00Z,2010,1,3,3
PINE,8.23,N,2010-03-03T11:00:00Z,2010,1,3,3
PINE,8.23,N,2010-03-03T12:00:00Z,2010,1,3,3
PINE,8.23,N,2010-03-03T13:00:00Z,2010,1,3,3
PINE,8.23,N,2010-03-03T14:00:00Z,2010,1,3,3
PINE,8.23,N,2010-03-03T15:00:00Z,2010,1,3,3
PINE,8.23,N,2010-03-03T16:00:00Z,2010,1,3,3
PINE,8.23,N,2010-03-03T17:00:00Z,2010,1,3,3
PINE,8.23,N,2010-03-03T18:00:00Z,2010,1,3,3
PINE,8.23,N,2010-03-03T19:00:00Z,2010,1,3,3
PINE,8.23,N,2010-03-03T20:00:00Z,2010,1,3,3
PINE,8.23,N,2010-03-03T21:00:00Z,2010,1,3,3
PINE,8.23,N,2010-03-03T22:00:00Z,2010,1,3,3
PINE,7.98,N,2010-03-03T23:00:00Z,2010,1,3,3
PINE,7.98,N,2010-03-04T00:00:00Z,2010,1,3,4
PINE,7.98,N,2010-03-04T01:00:00Z,2010,1,3,4
PINE,7.98,N,2010-03-04T02:00:00Z,2010,1,3,4
PINE,7.98,N,2010-03-04T03:00:00Z,2010,1,3,4
PINE,7.98,N,2010-03-04T04:00:00Z,2010,1,3,4
PINE,7.98,N,2010-03-04T05:00:00Z,2010,1,3,4
PINE,7.98,N,2010-03-04T06:00:00Z,2010,1,3,4
PINE,7.74,N,2010-03-04T07:00:00Z,2010,1,3,4
PINE,7.74,N,2010-03-04T08:00:00Z,2010,1,3,4
PINE,7.74,N,2010-03-04T09:00:00Z,2010,1,3,4
PINE,7.74,N,2010-03-04T10:00:00Z,2010,1,3,4
PINE,7.74,N,2010-03-04T11:00:00Z,2010,1,3,4
PINE,7.74,N,2010-03-04T12:00:00Z,2010,1,3,4
PINE,7.74,N,2010-03-04T13:00:00Z,2010,1,3,4
PINE,7.74,N,2010-03-04T14:00:00Z,2010,1,3,4
PINE,7.74,N,2010-03-04T15:00:00Z,2010,1,3,4
PINE,7.74,N,2010-03-04T16:00:00Z,2010,1,3,4
PINE,7.74,N,2010-03-04T17:00:00Z,2010,1,3,4
PINE,7.74,N,2010-03-04T18:00:00Z,2010,1,3,4
PINE,7.74,N,2010-03-04T19:00:00Z,2010,1,3,4
PINE,7.74,N,2010-03-04T20:00:00Z,2010,1,3,4
PINE,7.74,N,2010-03-04T21:00:00Z,2010,1,3,4
PINE,7.74,N,2010-03-04T22:00:00Z,2010,1,3,4
PINE,7.74,N,2010-03-04T23:00:00Z,2010,1,3,4
PINE,7.74,N,2010-03-05T00:00:00Z,2010,1,3,5
PINE,7.74,N,2010-03-05T01:00:00Z,2010,1,3,5
PINE,7.74,N,2010-03-05T02:00:00Z,2010,1,3,5
PINE,7.74,N,2010-03-05T03:00:00Z,2010,1,3,5
PINE,7.74,N,2010-03-05T04:00:00Z,2010,1,3,5
PINE,7.74,N,2010-03-05T05:00:00Z,2010,1,3,5
PINE,7.74,N,2010-03-05T06:00:00Z,2010,1,3,5
PINE,7.74,N,2010-03-05T07:00:00Z,2010,1,3,5
PINE,7.74,N,2010-03-05T08:00:00Z,2010,1,3,5
PINE,7.74,N,2010-03-05T09:00:00Z,2010,1,3,5
PINE,7.74,N,2010-03-05T10:00:00Z,2010,1,3,5
PINE,7.74,N,2010-03-05T11:00:00Z,2010,1,3,5
PINE,7.74,N,2010-03-05T12:00:00Z,2010,1,3,5
PINE,7.5,N,2010-03-05T13:00:00Z,2010,1,3,5
PINE,7.5,N,2010-03-05T14:00:00Z,2010,1,3,5
PINE,7.5,N,2010-03-05T15:00:00Z,2010,1,3,5
PINE,7.5,N,2010-03-05T16:00:00Z,2010,1,3,5
PINE,7.5,N,2010-03-05T17:00:00Z,2010,1,3,5
PINE,7.5,N,2010-03-05T18:00:00Z,2010,1,3,5
PINE,7.5,N,2010-03-05T19:00:00Z,2010,1,3,5
PINE,7.5,N,2010-03-05T20:00:00Z,2010,1,3,5
PINE,7.5,N,2010-03-05T21:00:00Z,2010,1,3,5
PINE,7.5,N,2010-03-05T22:00:00Z,2010,1,3,5
PINE,7.5,N,2010-03-05T23:00:00Z,2010,1,3,5
PINE,7.5,N,2010-03-06T00:00:00Z,2010,1,3,6
PINE,7.5,N,2010-03-06T01:00:00Z,2010,1,3,6
PINE,7.5,N,2010-03-06T02:00:00Z,2010,1,3,6
PINE,7.5,N,2010-03-06T03:00:00Z,2010,1,3,6
PINE,7.5,N,2010-03-06T04:00:00Z,2010,1,3,6
PINE,7.5,N,2010-03-06T05:00:00Z,2010,1,3,6
PINE,7.5,N,2010-03-06T06:00:00Z,2010,1,3,6
PINE,7.5,N,2010-03-06T07:00:00Z,2010,1,3,6
PINE,7.5,N,2010-03-06T08:00:00Z,2010,1,3,6
PINE,7.5,N,2010-03-06T09:00:00Z,2010,1,3,6
PINE,7.5,N,2010-03-06T10:00:00Z,2010,1,3,6
PINE,7.5,N,2010-03-06T11:00:00Z,2010,1,3,6
PINE,7.5,N,2010-03-06T12:00:00Z,2010,1,3,6
PINE,7.5,N,2010-03-06T13:00:00Z,2010,1,3,6
PINE,7.5,N,2010-03-06T14:00:00Z,2010,1,3,6
PINE,7.5,N,2010-03-06T15:00:00Z,2010,1,3,6
PINE,7.5,N,2010-03-06T16:00:00Z,2010,1,3,6
PINE,7.5,N,2010-03-06T17:00:00Z,2010,1,3,6
PINE,7.5,N,2010-03-06T18:00:00Z,2010,1,3,6
PINE,7.5,N,2010-03-06T19:00:00Z,2010,1,3,6
PINE,7.5,N,2010-03-06T20:00:00Z,2010,1,3,6
PINE,7.5,N,2010-03-06T21:00:00Z,2010,1,3,6
PINE,7.5,N,2010-03-06T22:00:00Z,2010,1,3,6
PINE,7.74,N,2010-03-06T23:00:00Z,2010,1,3,6
PINE,7.74,N,2010-03-07T00:00:00Z,2010,1,3,7
PINE,7.74,N,2010-03-07T01:00:00Z,2010,1,3,7
PINE,7.74,N,2010-03-07T02:00:00Z,2010,1,3,7
PINE,7.74,N,2010-03-07T03:00:00Z,2010,1,3,7
PINE,7.74,N,2010-03-07T04:00:00Z,2010,1,3,7
PINE,7.74,N,2010-03-07T05:00:00Z,2010,1,3,7
PINE,7.74,N,2010-03-07T06:00:00Z,2010,1,3,7
PINE,7.74,N,2010-03-07T07:00:00Z,2010,1,3,7
PINE,7.74,N,2010-03-07T08:00:00Z,2010,1,3,7
PINE,7.74,N,2010-03-07T09:00:00Z,2010,1,3,7
PINE,7.74,N,2010-03-07T10:00:00Z,2010,1,3,7
PINE,7.74,N,2010-03-07T11:00:00Z,2010,1,3,7
PINE,7.74,N,2010-03-07T12:00:00Z,2010,1,3,7
PINE,7.74,N,2010-03-07T13:00:00Z,2010,1,3,7
PINE,7.74,N,2010-03-07T14:00:00Z,2010,1,3,7
PINE,7.74,N,2010-03-07T15:00:00Z,2010,1,3,7
PINE,7.74,N,2010-03-07T16:00:00Z,2010,1,3,7
PINE,7.98,N,2010-03-07T17:00:00Z,2010,1,3,7
PINE,7.98,N,2010-03-07T18:00:00Z,2010,1,3,7
PINE,8.23,N,2010-03-07T19:00:00Z,2010,1,3,7
PINE,8.49,N,2010-03-07T20:00:00Z,2010,1,3,7
PINE,8.76,N,2010-03-07T21:00:00Z,2010,1,3,7
PINE,8.76,N,2010-03-07T22:00:00Z,2010,1,3,7
PINE,9.03,N,2010-03-07T23:00:00Z,2010,1,3,7
PINE,9.31,N,2010-03-08T00:00:00Z,2010,1,3,8
PINE,9.31,N,2010-03-08T01:00:00Z,2010,1,3,8
PINE,9.31,N,2010-03-08T02:00:00Z,2010,1,3,8
PINE,9.31,N,2010-03-08T03:00:00Z,2010,1,3,8
PINE,9.31,N,2010-03-08T04:00:00Z,2010,1,3,8
PINE,9.31,N,2010-03-08T05:00:00Z,2010,1,3,8
PINE,9.31,N,2010-03-08T06:00:00Z,2010,1,3,8
PINE,9.31,N,2010-03-08T07:00:00Z,2010,1,3,8
PINE,9.31,N,2010-03-08T08:00:00Z,2010,1,3,8
PINE,9.31,N,2010-03-08T09:00:00Z,2010,1,3,8
PINE,9.31,N,2010-03-08T10:00:00Z,2010,1,3,8
PINE,9.31,N,2010-03-08T11:00:00Z,2010,1,3,8
PINE,9.31,N,2010-03-08T12:00:00Z,2010,1,3,8
PINE,9.31,N,2010-03-08T13:00:00Z,2010,1,3,8
PINE,9.31,N,2010-03-08T14:00:00Z,2010,1,3,8
PINE,9.31,N,2010-03-08T15:00:00Z,2010,1,3,8
PINE,9.31,N,2010-03-08T16:00:00Z,2010,1,3,8
PINE,9.6,N,2010-03-08T17:00:00Z,2010,1,3,8
PINE,9.89,N,2010-03-08T18:00:00Z,2010,1,3,8
PINE,10.2,N,2010-03-08T19:00:00Z,2010,1,3,8
PINE,10.51,N,2010-03-08T20:00:00Z,2010,1,3,8
PINE,11.16,N,2010-03-08T21:00:00Z,2010,1,3,8
PINE,11.16,N,2010-03-08T22:00:00Z,2010,1,3,8
PINE,11.5,N,2010-03-08T23:00:00Z,2010,1,3,8
PINE,11.5,N,2010-03-09T00:00:00Z,2010,1,3,9
PINE,11.5,N,2010-03-09T01:00:00Z,2010,1,3,9
PINE,11.5,N,2010-03-09T02:00:00Z,2010,1,3,9
PINE,11.5,N,2010-03-09T03:00:00Z,2010,1,3,9
PINE,11.5,N,2010-03-09T04:00:00Z,2010,1,3,9
PINE,11.5,N,2010-03-09T05:00:00Z,2010,1,3,9
PINE,11.5,N,2010-03-09T06:00:00Z,2010,1,3,9
PINE,11.5,N,2010-03-09T07:00:00Z,2010,1,3,9
PINE,11.16,N,2010-03-09T08:00:00Z,2010,1,3,9
PINE,11.16,N,2010-03-09T09:00:00Z,2010,1,3,9
PINE,11.16,N,2010-03-09T10:00:00Z,2010,1,3,9
PINE,11.14,N,2010-03-09T11:00:00Z,2010,1,3,9
PINE,11.12,N,2010-03-09T12:00:00Z,2010,1,3,9
PINE,11.1,N,2010-03-09T13:00:00Z,2010,1,3,9
PINE,11.08,N,2010-03-09T14:00:00Z,2010,1,3,9
PINE,11.06,N,2010-03-09T15:00:00Z,2010,1,3,9
PINE,11.04,N,2010-03-09T16:00:00Z,2010,1,3,9
PINE,11.36,N,2010-03-09T17:00:00Z,2010,1,3,9
PINE,12.04,N,2010-03-09T18:00:00Z,2010,1,3,9
PINE,12.75,N,2010-03-09T19:00:00Z,2010,1,3,9
PINE,13.5,N,2010-03-09T20:00:00Z,2010,1,3,9
PINE,13.88,N,2010-03-09T21:00:00Z,2010,1,3,9
PINE,14.26,N,2010-03-09T22:00:00Z,2010,1,3,9
PINE,14.24,N,2010-03-09T23:00:00Z,2010,1,3,9
PINE,14.21,N,2010-03-10T00:00:00Z,2010,1,3,10
PINE,14.19,N,2010-03-10T01:00:00Z,2010,1,3,10
PINE,14.16,N,2010-03-10T02:00:00Z,2010,1,3,10
PINE,14.14,N,2010-03-10T03:00:00Z,2010,1,3,10
PINE,14.11,N,2010-03-10T04:00:00Z,2010,1,3,10
PINE,13.68,N,2010-03-10T05:00:00Z,2010,1,3,10
PINE,13.66,N,2010-03-10T06:00:00Z,2010,1,3,10
PINE,13.64,N,2010-03-10T07:00:00Z,2010,1,3,10
PINE,13.61,N,2010-03-10T08:00:00Z,2010,1,3,10
PINE,13.59,N,2010-03-10T09:00:00Z,2010,1,3,10
PINE,13.57,N,2010-03-10T10:00:00Z,2010,1,3,10
PINE,13.54,N,2010-03-10T11:00:00Z,2010,1,3,10
PINE,13.52,N,2010-03-10T12:00:00Z,2010,1,3,10
PINE,13.5,N,2010-03-10T13:00:00Z,2010,1,3,10
PINE,13.87,N,2010-03-10T14:00:00Z,2010,1,3,10
PINE,14.26,N,2010-03-10T15:00:00Z,2010,1,3,10
PINE,15.53,N,2010-03-10T16:00:00Z,2010,1,3,10
PINE,16.9,N,2010-03-10T17:00:00Z,2010,1,3,10
PINE,18.38,N,2010-03-10T18:00:00Z,2010,1,3,10
PINE,19.42,N,2010-03-10T19:00:00Z,2010,1,3,10
PINE,20.51,N,2010-03-10T20:00:00Z,2010,1,3,10
PINE,20.48,N,2010-03-10T21:00:00Z,2010,1,3,10
PINE,21.03,N,2010-03-10T22:00:00Z,2010,1,3,10
PINE,20.99,N,2010-03-10T23:00:00Z,2010,1,3,10
PINE,20.96,N,2010-03-11T00:00:00Z,2010,1,3,11
PINE,20.92,N,2010-03-11T01:00:00Z,2010,1,3,11
PINE,20.31,N,2010-03-11T02:00:00Z,2010,1,3,11
PINE,20.28,N,2010-03-11T03:00:00Z,2010,1,3,11
PINE,20.24,N,2010-03-11T04:00:00Z,2010,1,3,11
PINE,20.21,N,2010-03-11T05:00:00Z,2010,1,3,11
PINE,20.18,N,2010-03-11T06:00:00Z,2010,1,3,11
PINE,20.14,N,2010-03-11T07:00:00Z,2010,1,3,11
PINE,20.11,N,2010-03-11T08:00:00Z,2010,1,3,11
PINE,19.52,N,2010-03-11T09:00:00Z,2010,1,3,11
PINE,19.48,N,2010-03-11T10:00:00Z,2010,1,3,11
PINE,19.45,N,2010-03-11T11:00:00Z,2010,1,3,11
PINE,19.42,N,2010-03-11T12:00:00Z,2010,1,3,11
PINE,19.39,N,2010-03-11T13:00:00Z,2010,1,3,11
PINE,19.91,N,2010-03-11T14:00:00Z,2010,1,3,11
PINE,21.02,N,2010-03-11T15:00:00Z,2010,1,3,11
PINE,22.19,N,2010-03-11T16:00:00Z,2010,1,3,11
PINE,23.42,N,2010-03-11T17:00:00Z,2010,1,3,11
PINE,24.71,N,2010-03-11T18:00:00Z,2010,1,3,11
PINE,24.67,N,2010-03-11T19:00:00Z,2010,1,3,11
PINE,25.32,N,2010-03-11T20:00:00Z,2010,1,3,11
PINE,25.28,N,2010-03-11T21:00:00Z,2010,1,3,11
PINE,25.94,N,2010-03-11T22:00:00Z,2010,1,3,11
PINE,25.9,N,2010-03-11T23:00:00Z,2010,1,3,11
PINE,28.06,N,2010-03-12T00:00:00Z,2010,1,3,12
PINE,31.21,N,2010-03-12T01:00:00Z,2010,1,3,12
PINE,35.61,N,2010-03-12T02:00:00Z,2010,1,3,12
PINE,39.51,N,2010-03-12T03:00:00Z,2010,1,3,12
PINE,43.78,N,2010-03-12T04:00:00Z,2010,1,3,12
PINE,49.72,N,2010-03-12T05:00:00Z,2010,1,3,12
PINE,63.91,N,2010-03-12T06:00:00Z,2010,1,3,12
PINE,77.73,N,2010-03-12T07:00:00Z,2010,1,3,12
PINE,87.62,N,2010-03-12T08:00:00Z,2010,1,3,12
PINE,94.03,N,2010-03-12T09:00:00Z,2010,1,3,12
PINE,93.89,N,2010-03-12T10:00:00Z,2010,1,3,12
PINE,96.03,N,2010-03-12T11:00:00Z,2010,1,3,12
PINE,105.45,N,2010-03-12T12:00:00Z,2010,1,3,12
PINE,121.21,N,2010-03-12T13:00:00Z,2010,1,3,12
PINE,142.28,N,2010-03-12T14:00:00Z,2010,1,3,12
PINE,170.35,N,2010-03-12T15:00:00Z,2010,1,3,12
PINE,198.84,N,2010-03-12T16:00:00Z,2010,1,3,12
PINE,216.84,N,2010-03-12T17:00:00Z,2010,1,3,12
PINE,226.23,N,2010-03-12T18:00:00Z,2010,1,3,12
PINE,262.87,N,2010-03-12T19:00:00Z,2010,1,3,12
PINE,279.94,N,2010-03-12T20:00:00Z,2010,1,3,12
PINE,285.6,N,2010-03-12T21:00:00Z,2010,1,3,12
PINE,297.61,N,2010-03-12T22:00:00Z,2010,1,3,12
PINE,297.24,N,2010-03-12T23:00:00Z,2010,1,3,12
PINE,290.64,N,2010-03-13T00:00:00Z,2010,1,3,13
PINE,290.27,N,2010-03-13T01:00:00Z,2010,1,3,13
PINE,335.98,N,2010-03-13T02:00:00Z,2010,1,3,13
PINE,429.87,N,2010-03-13T03:00:00Z,2010,1,3,13
PINE,603.31,N,2010-03-13T04:00:00Z,2010,1,3,13
PINE,677.56,N,2010-03-13T05:00:00Z,2010,1,3,13
PINE,731.21,N,2010-03-13T06:00:00Z,2010,1,3,13
PINE,744.56,N,2010-03-13T07:00:00Z,2010,1,3,13
PINE,715.61,N,2010-03-13T08:00:00Z,2010,1,3,13
PINE,701.11,N,2010-03-13T09:00:00Z,2010,1,3,13
PINE,673.67,N,2010-03-13T10:00:00Z,2010,1,3,13
PINE,647.2,N,2010-03-13T11:00:00Z,2010,1,3,13
PINE,633.95,N,2010-03-13T12:00:00Z,2010,1,3,13
PINE,633.22,N,2010-03-13T13:00:00Z,2010,1,3,13
PINE,608.17,N,2010-03-13T14:00:00Z,2010,1,3,13
PINE,572.6,N,2010-03-13T15:00:00Z,2010,1,3,13
PINE,528.28,N,2010-03-13T16:00:00Z,2010,1,3,13
PINE,506.99,N,2010-03-13T17:00:00Z,2010,1,3,13
PINE,605.35,N,2010-03-13T18:00:00Z,2010,1,3,13
PINE,679.82,N,2010-03-13T19:00:00Z,2010,1,3,13
PINE,653.13,N,2010-03-13T20:00:00Z,2010,1,3,13
PINE,591.49,N,2010-03-13T21:00:00Z,2010,1,3,13
PINE,545.86,N,2010-03-13T22:00:00Z,2010,1,3,13
PINE,493.4,N,2010-03-13T23:00:00Z,2010,1,3,13
PINE,454.63,N,2010-03-14T00:00:00Z,2010,1,3,14
PINE,418.6,N,2010-03-14T01:00:00Z,2010,1,3,14
PINE,385.15,N,2010-03-14T02:00:00Z,2010,1,3,14
PINE,361.54,N,2010-03-14T03:00:00Z,2010,1,3,14
PINE,332.22,N,2010-03-14T04:00:00Z,2010,1,3,14
PINE,311.54,N,2010-03-14T05:00:00Z,2010,1,3,14
PINE,292.03,N,2010-03-14T06:00:00Z,2010,1,3,14
PINE,279.51,N,2010-03-14T07:00:00Z,2010,1,3,14
PINE,261.81,N,2010-03-14T08:00:00Z,2010,1,3,14
PINE,261.48,N,2010-03-14T09:00:00Z,2010,1,3,14
PINE,261.14,N,2010-03-14T10:00:00Z,2010,1,3,14
PINE,249.82,N,2010-03-14T11:00:00Z,2010,1,3,14
PINE,244.17,N,2010-03-14T12:00:00Z,2010,1,3,14
PINE,233.52,N,2010-03-14T13:00:00Z,2010,1,3,14
PINE,223.28,N,2010-03-14T14:00:00Z,2010,1,3,14
PINE,213.44,N,2010-03-14T15:00:00Z,2010,1,3,14
PINE,199.54,N,2010-03-14T16:00:00Z,2010,1,3,14
PINE,186.46,N,2010-03-14T17:00:00Z,2010,1,3,14
PINE,174.15,N,2010-03-14T18:00:00Z,2010,1,3,14
PINE,166.27,N,2010-03-14T19:00:00Z,2010,1,3,14
PINE,155.17,N,2010-03-14T20:00:00Z,2010,1,3,14
PINE,148.07,N,2010-03-14T21:00:00Z,2010,1,3,14
PINE,138.06,N,2010-03-14T22:00:00Z,2010,1,3,14
PINE,131.67,N,2010-03-14T23:00:00Z,2010,1,3,14
PINE,125.54,N,2010-03-15T00:00:00Z,2010,1,3,15
PINE,122.49,N,2010-03-15T01:00:00Z,2010,1,3,15
PINE,119.5,N,2010-03-15T02:00:00Z,2010,1,3,15
PINE,113.89,N,2010-03-15T03:00:00Z,2010,1,3,15
PINE,111.09,N,2010-03-15T04:00:00Z,2010,1,3,15
PINE,108.36,N,2010-03-15T05:00:00Z,2010,1,3,15
PINE,105.68,N,2010-03-15T06:00:00Z,2010,1,3,15
PINE,103.07,N,2010-03-15T07:00:00Z,2010,1,3,15
PINE,98.15,N,2010-03-15T08:00:00Z,2010,1,3,15
PINE,95.7,N,2010-03-15T09:00:00Z,2010,1,3,15
PINE,93.31,N,2010-03-15T10:00:00Z,2010,1,3,15
PINE,90.97,N,2010-03-15T11:00:00Z,2010,1,3,15
PINE,88.69,N,2010-03-15T12:00:00Z,2010,1,3,15
PINE,86.45,N,2010-03-15T13:00:00Z,2010,1,3,15
PINE,84.27,N,2010-03-15T14:00:00Z,2010,1,3,15
PINE,82.13,N,2010-03-15T15:00:00Z,2010,1,3,15
PINE,80.05,N,2010-03-15T16:00:00Z,2010,1,3,15
PINE,78.01,N,2010-03-15T17:00:00Z,2010,1,3,15
PINE,76.02,N,2010-03-15T18:00:00Z,2010,1,3,15
PINE,72.27,N,2010-03-15T19:00:00Z,2010,1,3,15
PINE,70.41,N,2010-03-15T20:00:00Z,2010,1,3,15
PINE,68.59,N,2010-03-15T21:00:00Z,2010,1,3,15
PINE,66.82,N,2010-03-15T22:00:00Z,2010,1,3,15
PINE,65.08,N,2010-03-15T23:00:00Z,2010,1,3,15
PINE,63.39,N,2010-03-16T00:00:00Z,2010,1,3,16
PINE,61.74,N,2010-03-16T01:00:00Z,2010,1,3,16
PINE,61.64,N,2010-03-16T02:00:00Z,2010,1,3,16
PINE,60.03,N,2010-03-16T03:00:00Z,2010,1,3,16
PINE,58.46,N,2010-03-16T04:00:00Z,2010,1,3,16
PINE,56.92,N,2010-03-16T05:00:00Z,2010,1,3,16
PINE,55.42,N,2010-03-16T06:00:00Z,2010,1,3,16
PINE,53.95,N,2010-03-16T07:00:00Z,2010,1,3,16
PINE,52.52,N,2010-03-16T08:00:00Z,2010,1,3,16
PINE,52.44,N,2010-03-16T09:00:00Z,2010,1,3,16
PINE,51.04,N,2010-03-16T10:00:00Z,2010,1,3,16
PINE,49.68,N,2010-03-16T11:00:00Z,2010,1,3,16
PINE,49.72,N,2010-03-16T12:00:00Z,2010,1,3,16
PINE,48.51,N,2010-03-16T13:00:00Z,2010,1,3,16
PINE,47.32,N,2010-03-16T14:00:00Z,2010,1,3,16
PINE,46.16,N,2010-03-16T15:00:00Z,2010,1,3,16
PINE,46.21,N,2010-03-16T16:00:00Z,2010,1,3,16
PINE,45.07,N,2010-03-16T17:00:00Z,2010,1,3,16
PINE,43.96,N,2010-03-16T18:00:00Z,2010,1,3,16
PINE,44,N,2010-03-16T19:00:00Z,2010,1,3,16
PINE,42.91,N,2010-03-16T20:00:00Z,2010,1,3,16
PINE,41.85,N,2010-03-16T21:00:00Z,2010,1,3,16
PINE,40.81,N,2010-03-16T22:00:00Z,2010,1,3,16
PINE,40.85,N,2010-03-16T23:00:00Z,2010,1,3,16
PINE,39.83,N,2010-03-17T00:00:00Z,2010,1,3,17
PINE,39.87,N,2010-03-17T01:00:00Z,2010,1,3,17
PINE,38.87,N,2010-03-17T02:00:00Z,2010,1,3,17
PINE,37.9,N,2010-03-17T03:00:00Z,2010,1,3,17
PINE,37.93,N,2010-03-17T04:00:00Z,2010,1,3,17
PINE,36.98,N,2010-03-17T05:00:00Z,2010,1,3,17
PINE,37.02,N,2010-03-17T06:00:00Z,2010,1,3,17
PINE,36.08,N,2010-03-17T07:00:00Z,2010,1,3,17
PINE,35.17,N,2010-03-17T08:00:00Z,2010,1,3,17
PINE,35.21,N,2010-03-17T09:00:00Z,2010,1,3,17
PINE,34.32,N,2010-03-17T10:00:00Z,2010,1,3,17
PINE,34.35,N,2010-03-17T11:00:00Z,2010,1,3,17
PINE,33.48,N,2010-03-17T12:00:00Z,2010,1,3,17
PINE,32.63,N,2010-03-17T13:00:00Z,2010,1,3,17
PINE,32.66,N,2010-03-17T14:00:00Z,2010,1,3,17
PINE,32.69,N,2010-03-17T15:00:00Z,2010,1,3,17
PINE,31.86,N,2010-03-17T16:00:00Z,2010,1,3,17
PINE,31.89,N,2010-03-17T17:00:00Z,2010,1,3,17
PINE,31.07,N,2010-03-17T18:00:00Z,2010,1,3,17
PINE,31.1,N,2010-03-17T19:00:00Z,2010,1,3,17
PINE,30.3,N,2010-03-17T20:00:00Z,2010,1,3,17
PINE,30.33,N,2010-03-17T21:00:00Z,2010,1,3,17
PINE,29.55,N,2010-03-17T22:00:00Z,2010,1,3,17
PINE,29.58,N,2010-03-17T23:00:00Z,2010,1,3,17
PINE,29.61,N,2010-03-18T00:00:00Z,2010,1,3,18
PINE,28.85,N,2010-03-18T01:00:00Z,2010,1,3,18
PINE,28.88,N,2010-03-18T02:00:00Z,2010,1,3,18
PINE,28.13,N,2010-03-18T03:00:00Z,2010,1,3,18
PINE,28.16,N,2010-03-18T04:00:00Z,2010,1,3,18
PINE,28.18,N,2010-03-18T05:00:00Z,2010,1,3,18
PINE,27.45,N,2010-03-18T06:00:00Z,2010,1,3,18
PINE,27.48,N,2010-03-18T07:00:00Z,2010,1,3,18
PINE,27.51,N,2010-03-18T08:00:00Z,2010,1,3,18
PINE,26.79,N,2010-03-18T09:00:00Z,2010,1,3,18
PINE,26.1,N,2010-03-18T10:00:00Z,2010,1,3,18
PINE,26.12,N,2010-03-18T11:00:00Z,2010,1,3,18
PINE,26.15,N,2010-03-18T12:00:00Z,2010,1,3,18
PINE,25.46,N,2010-03-18T13:00:00Z,2010,1,3,18
PINE,25.49,N,2010-03-18T14:00:00Z,2010,1,3,18
PINE,25.51,N,2010-03-18T15:00:00Z,2010,1,3,18
PINE,24.85,N,2010-03-18T16:00:00Z,2010,1,3,18
PINE,24.87,N,2010-03-18T17:00:00Z,2010,1,3,18
PINE,24.9,N,2010-03-18T18:00:00Z,2010,1,3,18
PINE,24.24,N,2010-03-18T19:00:00Z,2010,1,3,18
PINE,24.27,N,2010-03-18T20:00:00Z,2010,1,3,18
PINE,24.29,N,2010-03-18T21:00:00Z,2010,1,3,18
PINE,23.65,N,2010-03-18T22:00:00Z,2010,1,3,18
PINE,23.67,N,2010-03-18T23:00:00Z,2010,1,3,18
PINE,23.7,N,2010-03-19T00:00:00Z,2010,1,3,19
PINE,23.07,N,2010-03-19T01:00:00Z,2010,1,3,19
PINE,23.1,N,2010-03-19T02:00:00Z,2010,1,3,19
PINE,22.49,N,2010-03-19T03:00:00Z,2010,1,3,19
PINE,22.51,N,2010-03-19T04:00:00Z,2010,1,3,19
PINE,22.53,N,2010-03-19T05:00:00Z,2010,1,3,19
PINE,22.55,N,2010-03-19T06:00:00Z,2010,1,3,19
PINE,21.95,N,2010-03-19T07:00:00Z,2010,1,3,19
PINE,21.98,N,2010-03-19T08:00:00Z,2010,1,3,19
PINE,22,N,2010-03-19T09:00:00Z,2010,1,3,19
PINE,22.02,N,2010-03-19T10:00:00Z,2010,1,3,19
PINE,21.44,N,2010-03-19T11:00:00Z,2010,1,3,19
PINE,21.46,N,2010-03-19T12:00:00Z,2010,1,3,19
PINE,20.88,N,2010-03-19T13:00:00Z,2010,1,3,19
PINE,20.91,N,2010-03-19T14:00:00Z,2010,1,3,19
PINE,20.93,N,2010-03-19T15:00:00Z,2010,1,3,19
PINE,20.95,N,2010-03-19T16:00:00Z,2010,1,3,19
PINE,20.39,N,2010-03-19T17:00:00Z,2010,1,3,19
PINE,20.41,N,2010-03-19T18:00:00Z,2010,1,3,19
PINE,20.43,N,2010-03-19T19:00:00Z,2010,1,3,19
PINE,20.45,N,2010-03-19T20:00:00Z,2010,1,3,19
PINE,19.9,N,2010-03-19T21:00:00Z,2010,1,3,19
PINE,19.92,N,2010-03-19T22:00:00Z,2010,1,3,19
PINE,19.94,N,2010-03-19T23:00:00Z,2010,1,3,19
PINE,19.41,N,2010-03-20T00:00:00Z,2010,1,3,20
PINE,19.43,N,2010-03-20T01:00:00Z,2010,1,3,20
PINE,19.45,N,2010-03-20T02:00:00Z,2010,1,3,20
PINE,19.46,N,2010-03-20T03:00:00Z,2010,1,3,20
PINE,18.94,N,2010-03-20T04:00:00Z,2010,1,3,20
PINE,18.96,N,2010-03-20T05:00:00Z,2010,1,3,20
PINE,18.98,N,2010-03-20T06:00:00Z,2010,1,3,20
PINE,19,N,2010-03-20T07:00:00Z,2010,1,3,20
PINE,18.49,N,2010-03-20T08:00:00Z,2010,1,3,20
PINE,18.5,N,2010-03-20T09:00:00Z,2010,1,3,20
PINE,18.52,N,2010-03-20T10:00:00Z,2010,1,3,20
PINE,18.02,N,2010-03-20T11:00:00Z,2010,1,3,20
PINE,18.04,N,2010-03-20T12:00:00Z,2010,1,3,20
PINE,18.06,N,2010-03-20T13:00:00Z,2010,1,3,20
PINE,18.08,N,2010-03-20T14:00:00Z,2010,1,3,20
PINE,17.59,N,2010-03-20T15:00:00Z,2010,1,3,20
PINE,17.6,N,2010-03-20T16:00:00Z,2010,1,3,20
PINE,17.62,N,2010-03-20T17:00:00Z,2010,1,3,20
PINE,17.64,N,2010-03-20T18:00:00Z,2010,1,3,20
PINE,17.66,N,2010-03-20T19:00:00Z,2010,1,3,20
PINE,17.68,N,2010-03-20T20:00:00Z,2010,1,3,20
PINE,17.2,N,2010-03-20T21:00:00Z,2010,1,3,20
PINE,17.21,N,2010-03-20T22:00:00Z,2010,1,3,20
PINE,17.23,N,2010-03-20T23:00:00Z,2010,1,3,20
PINE,17.25,N,2010-03-21T00:00:00Z,2010,1,3,21
PINE,16.78,N,2010-03-21T01:00:00Z,2010,1,3,21
PINE,16.79,N,2010-03-21T02:00:00Z,2010,1,3,21
PINE,16.81,N,2010-03-21T03:00:00Z,2010,1,3,21
PINE,16.83,N,2010-03-21T04:00:00Z,2010,1,3,21
PINE,16.85,N,2010-03-21T05:00:00Z,2010,1,3,21
PINE,16.39,N,2010-03-21T06:00:00Z,2010,1,3,21
PINE,16.4,N,2010-03-21T07:00:00Z,2010,1,3,21
PINE,16.42,N,2010-03-21T08:00:00Z,2010,1,3,21
PINE,16.44,N,2010-03-21T09:00:00Z,2010,1,3,21
PINE,16.45,N,2010-03-21T10:00:00Z,2010,1,3,21
PINE,16.47,N,2010-03-21T11:00:00Z,2010,1,3,21
PINE,16.02,N,2010-03-21T12:00:00Z,2010,1,3,21
PINE,16.04,N,2010-03-21T13:00:00Z,2010,1,3,21
PINE,16.05,N,2010-03-21T14:00:00Z,2010,1,3,21
PINE,16.07,N,2010-03-21T15:00:00Z,2010,1,3,21
PINE,15.63,N,2010-03-21T16:00:00Z,2010,1,3,21
PINE,15.64,N,2010-03-21T17:00:00Z,2010,1,3,21
PINE,15.66,N,2010-03-21T18:00:00Z,2010,1,3,21
PINE,15.68,N,2010-03-21T19:00:00Z,2010,1,3,21
PINE,15.69,N,2010-03-21T20:00:00Z,2010,1,3,21
PINE,15.71,N,2010-03-21T21:00:00Z,2010,1,3,21
PINE,15.72,N,2010-03-21T22:00:00Z,2010,1,3,21
PINE,15.29,N,2010-03-21T23:00:00Z,2010,1,3,21
PINE,15.31,N,2010-03-22T00:00:00Z,2010,1,3,22
PINE,15.32,N,2010-03-22T01:00:00Z,2010,1,3,22
PINE,15.34,N,2010-03-22T02:00:00Z,2010,1,3,22
PINE,15.35,N,2010-03-22T03:00:00Z,2010,1,3,22
PINE,15.37,N,2010-03-22T04:00:00Z,2010,1,3,22
PINE,15.39,N,2010-03-22T05:00:00Z,2010,1,3,22
PINE,15.4,N,2010-03-22T06:00:00Z,2010,1,3,22
PINE,15.87,N,2010-03-22T07:00:00Z,2010,1,3,22
PINE,15.89,N,2010-03-22T08:00:00Z,2010,1,3,22
PINE,16.37,N,2010-03-22T09:00:00Z,2010,1,3,22
PINE,17.85,N,2010-03-22T10:00:00Z,2010,1,3,22
PINE,18.92,N,2010-03-22T11:00:00Z,2010,1,3,22
PINE,19.48,N,2010-03-22T12:00:00Z,2010,1,3,22
PINE,20.05,N,2010-03-22T13:00:00Z,2010,1,3,22
PINE,20.65,N,2010-03-22T14:00:00Z,2010,1,3,22
PINE,20.67,N,2010-03-22T15:00:00Z,2010,1,3,22
PINE,20.69,N,2010-03-22T16:00:00Z,2010,1,3,22
PINE,20.71,N,2010-03-22T17:00:00Z,2010,1,3,22
PINE,20.73,N,2010-03-22T18:00:00Z,2010,1,3,22
PINE,20.18,N,2010-03-22T19:00:00Z,2010,1,3,22
PINE,20.2,N,2010-03-22T20:00:00Z,2010,1,3,22
PINE,19.65,N,2010-03-22T21:00:00Z,2010,1,3,22
PINE,19.13,N,2010-03-22T22:00:00Z,2010,1,3,22
PINE,19.15,N,2010-03-22T23:00:00Z,2010,1,3,22
PINE,18.63,N,2010-03-23T00:00:00Z,2010,1,3,23
PINE,18.65,N,2010-03-23T01:00:00Z,2010,1,3,23
PINE,18.14,N,2010-03-23T02:00:00Z,2010,1,3,23
PINE,18.16,N,2010-03-23T03:00:00Z,2010,1,3,23
PINE,17.67,N,2010-03-23T04:00:00Z,2010,1,3,23
PINE,17.69,N,2010-03-23T05:00:00Z,2010,1,3,23
PINE,17.71,N,2010-03-23T06:00:00Z,2010,1,3,23
PINE,17.72,N,2010-03-23T07:00:00Z,2010,1,3,23
PINE,17.74,N,2010-03-23T08:00:00Z,2010,1,3,23
PINE,17.26,N,2010-03-23T09:00:00Z,2010,1,3,23
PINE,17.28,N,2010-03-23T10:00:00Z,2010,1,3,23
PINE,17.29,N,2010-03-23T11:00:00Z,2010,1,3,23
PINE,17.31,N,2010-03-23T12:00:00Z,2010,1,3,23
PINE,17.31,N,2010-03-23T13:00:00Z,2010,1,3,23
PINE,17.3,N,2010-03-23T14:00:00Z,2010,1,3,23
PINE,17.3,N,2010-03-23T15:00:00Z,2010,1,3,23
PINE,17.29,N,2010-03-23T16:00:00Z,2010,1,3,23
PINE,17.29,N,2010-03-23T17:00:00Z,2010,1,3,23
PINE,16.79,N,2010-03-23T18:00:00Z,2010,1,3,23
PINE,16.79,N,2010-03-23T19:00:00Z,2010,1,3,23
PINE,16.78,N,2010-03-23T20:00:00Z,2010,1,3,23
PINE,16.3,N,2010-03-23T21:00:00Z,2010,1,3,23
PINE,16.3,N,2010-03-23T22:00:00Z,2010,1,3,23
PINE,16.29,N,2010-03-23T23:00:00Z,2010,1,3,23
PINE,16.29,N,2010-03-24T00:00:00Z,2010,1,3,24
PINE,15.82,N,2010-03-24T01:00:00Z,2010,1,3,24
PINE,15.82,N,2010-03-24T02:00:00Z,2010,1,3,24
PINE,15.81,N,2010-03-24T03:00:00Z,2010,1,3,24
PINE,15.81,N,2010-03-24T04:00:00Z,2010,1,3,24
PINE,15.8,N,2010-03-24T05:00:00Z,2010,1,3,24
PINE,15.8,N,2010-03-24T06:00:00Z,2010,1,3,24
PINE,15.34,N,2010-03-24T07:00:00Z,2010,1,3,24
PINE,15.34,N,2010-03-24T08:00:00Z,2010,1,3,24
PINE,15.33,N,2010-03-24T09:00:00Z,2010,1,3,24
PINE,15.33,N,2010-03-24T10:00:00Z,2010,1,3,24
PINE,14.89,N,2010-03-24T11:00:00Z,2010,1,3,24
PINE,14.88,N,2010-03-24T12:00:00Z,2010,1,3,24
PINE,14.88,N,2010-03-24T13:00:00Z,2010,1,3,24
PINE,14.87,N,2010-03-24T14:00:00Z,2010,1,3,24
PINE,14.87,N,2010-03-24T15:00:00Z,2010,1,3,24
PINE,14.86,N,2010-03-24T16:00:00Z,2010,1,3,24
PINE,14.43,N,2010-03-24T17:00:00Z,2010,1,3,24
PINE,14.43,N,2010-03-24T18:00:00Z,2010,1,3,24
PINE,14.42,N,2010-03-24T19:00:00Z,2010,1,3,24
PINE,14.42,N,2010-03-24T20:00:00Z,2010,1,3,24
PINE,14.42,N,2010-03-24T21:00:00Z,2010,1,3,24
PINE,14.41,N,2010-03-24T22:00:00Z,2010,1,3,24
PINE,14.41,N,2010-03-24T23:00:00Z,2010,1,3,24
PINE,14.4,N,2010-03-25T00:00:00Z,2010,1,3,25
PINE,14.4,N,2010-03-25T01:00:00Z,2010,1,3,25
PINE,13.98,N,2010-03-25T02:00:00Z,2010,1,3,25
PINE,13.98,N,2010-03-25T03:00:00Z,2010,1,3,25
PINE,13.97,N,2010-03-25T04:00:00Z,2010,1,3,25
PINE,13.97,N,2010-03-25T05:00:00Z,2010,1,3,25
PINE,13.96,N,2010-03-25T06:00:00Z,2010,1,3,25
PINE,13.96,N,2010-03-25T07:00:00Z,2010,1,3,25
PINE,13.55,N,2010-03-25T08:00:00Z,2010,1,3,25
PINE,13.55,N,2010-03-25T09:00:00Z,2010,1,3,25
PINE,13.54,N,2010-03-25T10:00:00Z,2010,1,3,25
PINE,13.54,N,2010-03-25T11:00:00Z,2010,1,3,25
PINE,13.54,N,2010-03-25T12:00:00Z,2010,1,3,25
PINE,13.53,N,2010-03-25T13:00:00Z,2010,1,3,25
PINE,13.53,N,2010-03-25T14:00:00Z,2010,1,3,25
PINE,13.52,N,2010-03-25T15:00:00Z,2010,1,3,25
PINE,13.52,N,2010-03-25T16:00:00Z,2010,1,3,25
PINE,13.51,N,2010-03-25T17:00:00Z,2010,1,3,25
PINE,13.51,N,2010-03-25T18:00:00Z,2010,1,3,25
PINE,13.51,N,2010-03-25T19:00:00Z,2010,1,3,25
PINE,13.5,N,2010-03-25T20:00:00Z,2010,1,3,25
PINE,13.5,N,2010-03-25T21:00:00Z,2010,1,3,25
PINE,13.49,N,2010-03-25T22:00:00Z,2010,1,3,25
PINE,13.49,N,2010-03-25T23:00:00Z,2010,1,3,25
PINE,13.49,N,2010-03-26T00:00:00Z,2010,1,3,26
PINE,13.48,N,2010-03-26T01:00:00Z,2010,1,3,26
PINE,13.48,N,2010-03-26T02:00:00Z,2010,1,3,26
PINE,13.47,N,2010-03-26T03:00:00Z,2010,1,3,26
PINE,13.87,N,2010-03-26T04:00:00Z,2010,1,3,26
PINE,13.87,N,2010-03-26T05:00:00Z,2010,1,3,26
PINE,13.86,N,2010-03-26T06:00:00Z,2010,1,3,26
PINE,13.86,N,2010-03-26T07:00:00Z,2010,1,3,26
PINE,14.69,N,2010-03-26T08:00:00Z,2010,1,3,26
PINE,14.68,N,2010-03-26T09:00:00Z,2010,1,3,26
PINE,14.68,N,2010-03-26T10:00:00Z,2010,1,3,26
PINE,14.67,N,2010-03-26T11:00:00Z,2010,1,3,26
PINE,15.1,N,2010-03-26T12:00:00Z,2010,1,3,26
PINE,15.1,N,2010-03-26T13:00:00Z,2010,1,3,26
PINE,15.09,N,2010-03-26T14:00:00Z,2010,1,3,26
PINE,15.09,N,2010-03-26T15:00:00Z,2010,1,3,26
PINE,14.65,N,2010-03-26T16:00:00Z,2010,1,3,26
PINE,14.65,N,2010-03-26T17:00:00Z,2010,1,3,26
PINE,14.22,N,2010-03-26T18:00:00Z,2010,1,3,26
PINE,14.22,N,2010-03-26T19:00:00Z,2010,1,3,26
PINE,13.8,N,2010-03-26T20:00:00Z,2010,1,3,26
PINE,13.8,N,2010-03-26T21:00:00Z,2010,1,3,26
PINE,13.4,N,2010-03-26T22:00:00Z,2010,1,3,26
PINE,13.39,N,2010-03-26T23:00:00Z,2010,1,3,26
PINE,13.39,N,2010-03-27T00:00:00Z,2010,1,3,27
PINE,13.38,N,2010-03-27T01:00:00Z,2010,1,3,27
PINE,12.99,N,2010-03-27T02:00:00Z,2010,1,3,27
PINE,12.99,N,2010-03-27T03:00:00Z,2010,1,3,27
PINE,12.98,N,2010-03-27T04:00:00Z,2010,1,3,27
PINE,12.98,N,2010-03-27T05:00:00Z,2010,1,3,27
PINE,12.98,N,2010-03-27T06:00:00Z,2010,1,3,27
PINE,12.97,N,2010-03-27T07:00:00Z,2010,1,3,27
PINE,12.59,N,2010-03-27T08:00:00Z,2010,1,3,27
PINE,12.59,N,2010-03-27T09:00:00Z,2010,1,3,27
PINE,12.58,N,2010-03-27T10:00:00Z,2010,1,3,27
PINE,12.58,N,2010-03-27T11:00:00Z,2010,1,3,27
PINE,12.21,N,2010-03-27T12:00:00Z,2010,1,3,27
PINE,12.2,N,2010-03-27T13:00:00Z,2010,1,3,27
PINE,12.2,N,2010-03-27T14:00:00Z,2010,1,3,27
PINE,12.2,N,2010-03-27T15:00:00Z,2010,1,3,27
PINE,12.19,N,2010-03-27T16:00:00Z,2010,1,3,27
PINE,12.19,N,2010-03-27T17:00:00Z,2010,1,3,27
PINE,12.19,N,2010-03-27T18:00:00Z,2010,1,3,27
PINE,12.18,N,2010-03-27T19:00:00Z,2010,1,3,27
PINE,12.18,N,2010-03-27T20:00:00Z,2010,1,3,27
PINE,12.17,N,2010-03-27T21:00:00Z,2010,1,3,27
PINE,12.17,N,2010-03-27T22:00:00Z,2010,1,3,27
PINE,11.81,N,2010-03-27T23:00:00Z,2010,1,3,27
PINE,11.81,N,2010-03-28T00:00:00Z,2010,1,3,28
PINE,11.8,N,2010-03-28T01:00:00Z,2010,1,3,28
PINE,11.8,N,2010-03-28T02:00:00Z,2010,1,3,28
PINE,11.8,N,2010-03-28T03:00:00Z,2010,1,3,28
PINE,11.79,N,2010-03-28T04:00:00Z,2010,1,3,28
PINE,11.79,N,2010-03-28T05:00:00Z,2010,1,3,28
PINE,11.79,N,2010-03-28T06:00:00Z,2010,1,3,28
PINE,11.78,N,2010-03-28T07:00:00Z,2010,1,3,28
PINE,11.78,N,2010-03-28T08:00:00Z,2010,1,3,28
PINE,11.77,N,2010-03-28T09:00:00Z,2010,1,3,28
PINE,11.77,N,2010-03-28T10:00:00Z,2010,1,3,28
PINE,11.77,N,2010-03-28T11:00:00Z,2010,1,3,28
PINE,11.76,N,2010-03-28T12:00:00Z,2010,1,3,28
PINE,11.76,N,2010-03-28T13:00:00Z,2010,1,3,28
PINE,11.76,N,2010-03-28T14:00:00Z,2010,1,3,28
PINE,11.75,N,2010-03-28T15:00:00Z,2010,1,3,28
PINE,11.75,N,2010-03-28T16:00:00Z,2010,1,3,28
PINE,12.84,N,2010-03-28T17:00:00Z,2010,1,3,28
PINE,16.2,N,2010-03-28T18:00:00Z,2010,1,3,28
PINE,24.71,N,2010-03-28T19:00:00Z,2010,1,3,28
PINE,48.02,N,2010-03-28T20:00:00Z,2010,1,3,28
PINE,89.33,N,2010-03-28T21:00:00Z,2010,1,3,28
PINE,103.06,N,2010-03-28T22:00:00Z,2010,1,3,28
PINE,100.62,N,2010-03-28T23:00:00Z,2010,1,3,28
PINE,91.44,N,2010-03-29T00:00:00Z,2010,1,3,29
PINE,85.04,N,2010-03-29T01:00:00Z,2010,1,3,29
PINE,79.05,N,2010-03-29T02:00:00Z,2010,1,3,29
PINE,75.27,N,2010-03-29T03:00:00Z,2010,1,3,29
PINE,69.9,N,2010-03-29T04:00:00Z,2010,1,3,29
PINE,66.51,N,2010-03-29T05:00:00Z,2010,1,3,29
PINE,63.26,N,2010-03-29T06:00:00Z,2010,1,3,29
PINE,60.16,N,2010-03-29T07:00:00Z,2010,1,3,29
PINE,58.65,N,2010-03-29T08:00:00Z,2010,1,3,29
PINE,55.76,N,2010-03-29T09:00:00Z,2010,1,3,29
PINE,54.35,N,2010-03-29T10:00:00Z,2010,1,3,29
PINE,52.97,N,2010-03-29T11:00:00Z,2010,1,3,29
PINE,50.33,N,2010-03-29T12:00:00Z,2010,1,3,29
PINE,49.04,N,2010-03-29T13:00:00Z,2010,1,3,29
PINE,47.79,N,2010-03-29T14:00:00Z,2010,1,3,29
PINE,46.56,N,2010-03-29T15:00:00Z,2010,1,3,29
PINE,45.37,N,2010-03-29T16:00:00Z,2010,1,3,29
PINE,45.35,N,2010-03-29T17:00:00Z,2010,1,3,29
PINE,44.18,N,2010-03-29T18:00:00Z,2010,1,3,29
PINE,43.04,N,2010-03-29T19:00:00Z,2010,1,3,29
PINE,41.93,N,2010-03-29T20:00:00Z,2010,1,3,29
PINE,41.91,N,2010-03-29T21:00:00Z,2010,1,3,29
PINE,41.9,N,2010-03-29T22:00:00Z,2010,1,3,29
PINE,41.89,N,2010-03-29T23:00:00Z,2010,1,3,29
PINE,40.8,N,2010-03-30T00:00:00Z,2010,1,3,30
PINE,40.79,N,2010-03-30T01:00:00Z,2010,1,3,30
PINE,40.78,N,2010-03-30T02:00:00Z,2010,1,3,30
PINE,40.77,N,2010-03-30T03:00:00Z,2010,1,3,30
PINE,41.83,N,2010-03-30T04:00:00Z,2010,1,3,30
PINE,41.82,N,2010-03-30T05:00:00Z,2010,1,3,30
PINE,41.81,N,2010-03-30T06:00:00Z,2010,1,3,30
PINE,40.72,N,2010-03-30T07:00:00Z,2010,1,3,30
PINE,39.66,N,2010-03-30T08:00:00Z,2010,1,3,30
PINE,38.62,N,2010-03-30T09:00:00Z,2010,1,3,30
PINE,37.61,N,2010-03-30T10:00:00Z,2010,1,3,30
PINE,37.6,N,2010-03-30T11:00:00Z,2010,1,3,30
PINE,36.61,N,2010-03-30T12:00:00Z,2010,1,3,30
PINE,35.65,N,2010-03-30T13:00:00Z,2010,1,3,30
PINE,35.64,N,2010-03-30T14:00:00Z,2010,1,3,30
PINE,35.63,N,2010-03-30T15:00:00Z,2010,1,3,30
PINE,34.68,N,2010-03-30T16:00:00Z,2010,1,3,30
PINE,34.68,N,2010-03-30T17:00:00Z,2010,1,3,30
PINE,33.76,N,2010-03-30T18:00:00Z,2010,1,3,30
PINE,33.75,N,2010-03-30T19:00:00Z,2010,1,3,30
PINE,32.85,N,2010-03-30T20:00:00Z,2010,1,3,30
PINE,32.84,N,2010-03-30T21:00:00Z,2010,1,3,30
PINE,31.96,N,2010-03-30T22:00:00Z,2010,1,3,30
PINE,31.95,N,2010-03-30T23:00:00Z,2010,1,3,30
PINE,31.95,N,2010-03-31T00:00:00Z,2010,1,3,31
PINE,31.09,N,2010-03-31T01:00:00Z,2010,1,3,31
PINE,30.26,N,2010-03-31T02:00:00Z,2010,1,3,31
PINE,30.25,N,2010-03-31T03:00:00Z,2010,1,3,31
PINE,30.24,N,2010-03-31T04:00:00Z,2010,1,3,31
PINE,29.43,N,2010-03-31T05:00:00Z,2010,1,3,31
PINE,29.42,N,2010-03-31T06:00:00Z,2010,1,3,31
PINE,29.41,N,2010-03-31T07:00:00Z,2010,1,3,31
PINE,28.62,N,2010-03-31T08:00:00Z,2010,1,3,31
PINE,27.84,N,2010-03-31T09:00:00Z,2010,1,3,31
PINE,27.83,N,2010-03-31T10:00:00Z,2010,1,3,31
PINE,27.83,N,2010-03-31T11:00:00Z,2010,1,3,31
PINE,27.07,N,2010-03-31T12:00:00Z,2010,1,3,31
PINE,27.06,N,2010-03-31T13:00:00Z,2010,1,3,31
PINE,27.08,N,2010-03-31T14:00:00Z,2010,1,3,31
PINE,26.37,N,2010-03-31T15:00:00Z,2010,1,3,31
PINE,26.39,N,2010-03-31T16:00:00Z,2010,1,3,31
PINE,25.7,N,2010-03-31T17:00:00Z,2010,1,3,31
PINE,25.72,N,2010-03-31T18:00:00Z,2010,1,3,31
PINE,25.74,N,2010-03-31T19:00:00Z,2010,1,3,31
PINE,25.76,N,2010-03-31T20:00:00Z,2010,1,3,31
PINE,25.08,N,2010-03-31T21:00:00Z,2010,1,3,31
PINE,25.1,N,2010-03-31T22:00:00Z,2010,1,3,31
PINE,25.12,N,2010-03-31T23:00:00Z,2010,1,3,31
